responseTime,time,violation,node_hwmon_in_volts,prometheus_http_response_size_bytes_bucket,prometheus_target_sync_length_seconds_sum,node_vmstat_allocstall_normal,node_sockstat_TCP_alloc,node_netstat_Icmp6_OutRouterSolicits,node_vmstat_pageoutrun,scrape_samples_post_metric_relabeling,scrape_samples_scraped,http_request_size_bytes_count
0,1581810579,0,0,881.592592593,0,0,0,0,0,0,0,0
59.0,1581810580,0,0.0,881.592592593,0.00050762775,0.0,0.0,0.0,0.0,0.0,0.0,2305.0
59.0,1581810581,0,12.934,881.592592593,0.00050762775,0.0,0.0,0.0,0.0,0.0,0.0,2305.0
59.0,1581810588,0,12.934,881.592592593,0.00050762775,0.0,299.0,0.0,0.0,0.0,0.0,2305.0
59.0,1581810589,0,12.934,1057.44444444,0.00050762775,318.0,299.0,0.0,968.0,1394.0,1394.0,2305.0
54.5,1581810590,0,12.935,1057.44444444,0.00050762775,318.0,299.0,0.0,968.0,1394.0,1394.0,2307.0
54.5,1581810596,0,12.935,1057.44444444,0.00050762775,318.0,307.0,0.0,968.0,1394.0,1394.0,2307.0
54.5,1581810597,0,12.935,1057.44444444,0.00050762775,318.0,307.0,0.0,975.0,1394.0,1394.0,2307.0
54.5,1581810599,0,12.935,1279.85185185,0.00050762775,318.0,307.0,0.0,975.0,1403.0,1403.0,2307.0
91.0,1581810600,0,12.933,1279.85185185,0.00050762775,318.0,307.0,0.0,975.0,1403.0,1403.0,2309.0
91.0,1581810604,0,12.933,1279.85185185,0.00050762775,318.0,321.0,0.0,975.0,1403.0,1403.0,2309.0
91.0,1581810605,0,12.933,1279.85185185,0.00050762775,318.0,321.0,0.0,979.0,1403.0,1403.0,2309.0
91.0,1581810608,0,12.933,1279.85185185,0.00050762775,318.0,321.0,0.0,979.0,1403.0,1403.0,2309.0
91.0,1581810609,0,12.933,1499.77777778,0.00050762775,318.0,321.0,0.0,979.0,1403.0,1403.0,2309.0
55.0,1581810610,0,12.933,1499.77777778,0.00050762775,318.0,321.0,0.0,979.0,1403.0,1403.0,2311.0
55.0,1581810611,0,12.933,1499.77777778,0.00050762775,318.0,319.0,0.0,979.0,1403.0,1403.0,2311.0
55.0,1581810612,0,12.933,1499.77777778,0.00050762775,318.0,319.0,0.0,980.0,1403.0,1403.0,2311.0
55.0,1581810618,0,12.933,1675.7037037,0.00050762775,318.0,319.0,0.0,980.0,1394.0,1394.0,2311.0
53.5,1581810619,0,12.933,1675.7037037,0.00050762775,318.0,286.0,0.0,980.0,1394.0,1394.0,2313.0
53.5,1581810620,0,12.934,1675.7037037,0.00050762775,318.0,286.0,0.0,987.0,1394.0,1394.0,2313.0
53.5,1581810626,0,12.934,1675.7037037,0.00050762775,318.0,289.0,0.0,987.0,1394.0,1394.0,2313.0
53.5,1581810627,0,12.934,1675.7037037,0.00050762775,318.0,289.0,0.0,990.0,1403.0,1403.0,2313.0
53.5,1581810628,0,12.934,1893.66666667,0.00050762775,318.0,289.0,0.0,990.0,1403.0,1403.0,2313.0
69.0,1581810629,0,12.933,1893.66666667,0.00050762775,318.0,289.0,0.0,990.0,1403.0,1403.0,2315.0
69.0,1581810634,0,12.933,1893.66666667,0.00050762775,318.0,309.0,0.0,990.0,1403.0,1403.0,2315.0
69.0,1581810635,0,12.933,1893.66666667,0.00050762775,318.0,309.0,0.0,994.0,1403.0,1403.0,2315.0
69.0,1581810637,0,12.933,2126.66666667,0.00050762775,318.0,309.0,0.0,994.0,1394.0,1394.0,2315.0
70.5,1581810638,0,12.933,2126.66666667,0.00050762775,318.0,309.0,0.0,994.0,1394.0,1394.0,2317.0
70.5,1581810639,0,12.933,2126.66666667,0.00050762775,318.0,309.0,0.0,994.0,1394.0,1394.0,2317.0
70.5,1581810641,0,12.933,2126.66666667,0.00050762775,318.0,313.0,0.0,994.0,1394.0,1394.0,2317.0
70.5,1581810642,0,12.933,2126.66666667,0.00050762775,318.0,313.0,0.0,994.0,1394.0,1394.0,2317.0
70.5,1581810646,0,12.933,2126.66666667,0.00050762775,318.0,313.0,0.0,994.0,1403.0,1403.0,2317.0
70.5,1581810647,0,12.933,2254.0,0.00050762775,318.0,313.0,0.0,994.0,1403.0,1403.0,2317.0
57.0,1581810648,0,12.934,2254.0,0.00050762775,318.0,313.0,0.0,994.0,1403.0,1403.0,2318.0
57.0,1581810649,0,12.934,2254.0,0.00050762775,318.0,364.0,0.0,995.0,1403.0,1403.0,2318.0
57.0,1581810655,0,12.934,2254.0,0.00050762775,318.0,312.0,0.0,995.0,1403.0,1403.0,2318.0
57.0,1581810656,0,12.934,2469.2962963,0.00050762775,318.0,312.0,0.0,998.0,1403.0,1403.0,2318.0
0.0,1581810657,0,12.934,2469.2962963,0.00050762775,318.0,312.0,0.0,998.0,1403.0,1403.0,2320.0
0.0,1581810658,0,12.934,2469.2962963,0.00050762775,318.0,312.0,0.0,998.0,1403.0,1403.0,2320.0
0.0,1581810663,0,12.934,2469.2962963,0.00050762775,318.0,350.0,0.0,998.0,1403.0,1403.0,2320.0
0.0,1581810664,0,12.934,2469.2962963,0.00050762775,318.0,350.0,0.0,1002.0,1403.0,1403.0,2320.0
0.0,1581810665,0,12.934,2469.2962963,0.00050762775,318.0,350.0,0.0,1002.0,1403.0,1403.0,2320.0
0.0,1581810666,0,12.934,2645.14814815,0.00050762775,318.0,350.0,0.0,1002.0,1403.0,1403.0,2320.0
52.5,1581810667,0,12.935,2645.14814815,0.00050762775,318.0,350.0,0.0,1002.0,1403.0,1403.0,2322.0
52.5,1581810671,0,12.935,2645.14814815,0.00050762775,318.0,288.0,0.0,1003.0,1403.0,1403.0,2322.0
52.5,1581810675,0,12.935,2906.07407407,0.00050762775,318.0,288.0,0.0,1003.0,1403.0,1403.0,2322.0
53.0,1581810676,0,12.935,2906.07407407,0.00050762775,318.0,288.0,527.0,1003.0,1403.0,1403.0,2324.0
53.0,1581810677,0,12.934,2906.07407407,0.00050762775,318.0,288.0,527.0,1003.0,1403.0,1403.0,2324.0
53.0,1581810678,0,12.934,2906.07407407,0.00050762775,318.0,325.0,527.0,1003.0,1403.0,1403.0,2324.0
53.0,1581810679,0,12.934,2906.07407407,0.00050762775,318.0,325.0,527.0,1010.0,1403.0,1403.0,2324.0
53.0,1581810680,0,12.934,2906.07407407,0.00050762775,318.0,325.0,527.0,1010.0,1403.0,1403.0,2324.0
53.0,1581810685,0,12.934,2906.07407407,0.00050762775,318.0,325.0,527.0,1010.0,1403.0,1403.0,2324.0
53.0,1581810686,0,12.934,3262.14814815,0.00050762775,318.0,325.0,527.0,1010.0,1403.0,1403.0,2324.0
95.5,1581810687,0,12.933,3262.14814815,0.00050762775,318.0,253.0,527.0,1012.0,1403.0,1403.0,2326.0
95.5,1581810689,0,12.933,3262.14814815,0.00050762775,318.0,253.0,527.0,1012.0,1403.0,1403.0,2326.0
95.5,1581810694,0,12.933,3262.14814815,0.00050762775,318.0,253.0,527.0,1012.0,1403.0,1403.0,2326.0
95.5,1581810695,0,12.933,3262.14814815,0.00050762775,318.0,276.0,527.0,1012.0,1403.0,1403.0,2326.0
95.5,1581810696,0,12.933,3262.14814815,0.00050762775,318.0,276.0,527.0,1021.0,1403.0,1403.0,2326.0
77.5,1581810697,0,12.933,3168.37037037,0.00050762775,318.0,276.0,527.0,1021.0,1403.0,1403.0,2328.0
77.5,1581810698,0,12.934,3168.37037037,0.00050762775,318.0,276.0,527.0,1021.0,1403.0,1403.0,2328.0
77.5,1581810699,0,12.934,3168.37037037,0.00050762775,318.0,276.0,527.0,1021.0,1403.0,1403.0,2328.0
77.5,1581810703,0,12.934,3168.37037037,0.00050762775,318.0,202.0,527.0,1021.0,1403.0,1403.0,2328.0
77.5,1581810704,0,12.934,3168.37037037,0.00050762775,318.0,202.0,527.0,1022.0,1403.0,1403.0,2328.0
77.5,1581810706,0,12.934,3168.37037037,0.00050762775,318.0,202.0,527.0,1022.0,1403.0,1403.0,2328.0
77.5,1581810707,0,12.934,3966.96296296,0.00050762775,318.0,202.0,527.0,1022.0,1403.0,1403.0,2328.0
63.5,1581810708,0,12.934,3966.96296296,0.00050762775,318.0,202.0,527.0,1022.0,1403.0,1403.0,2331.0
63.5,1581810711,0,12.934,3966.96296296,0.00050762775,318.0,476.0,527.0,1022.0,1403.0,1403.0,2331.0
63.5,1581810712,0,12.934,3966.96296296,0.00050762775,318.0,476.0,527.0,1024.0,1403.0,1403.0,2331.0
63.5,1581810716,0,12.934,3966.96296296,0.00050762775,318.0,476.0,527.0,1024.0,1403.0,1403.0,2331.0
63.5,1581810717,0,12.934,3966.96296296,0.00050762775,318.0,476.0,527.0,1024.0,1403.0,1403.0,2331.0
63.5,1581810718,0,12.934,4549.92592593,0.00050762775,318.0,476.0,527.0,1024.0,1403.0,1403.0,2331.0
80.0,1581810719,0,12.933,4549.92592593,0.00050762775,318.0,476.0,527.0,1024.0,1403.0,1403.0,2333.0
80.0,1581810720,0,12.933,4549.92592593,0.00050762775,318.0,449.0,527.0,1024.0,1403.0,1403.0,2333.0
80.0,1581810721,0,12.933,4549.92592593,0.00050762775,318.0,449.0,527.0,1026.0,1403.0,1403.0,2333.0
80.0,1581810725,0,12.933,4549.92592593,0.00050762775,318.0,449.0,527.0,1026.0,1403.0,1403.0,2333.0
80.0,1581810728,0,12.933,4549.92592593,0.00050762775,318.0,297.0,527.0,1026.0,1394.0,1394.0,2333.0
80.0,1581810729,0,12.933,4937.44444444,0.00050762775,318.0,297.0,527.0,1029.0,1394.0,1394.0,2333.0
55.0,1581810730,0,12.934,4937.44444444,0.00050762775,318.0,297.0,527.0,1029.0,1394.0,1394.0,2335.0
55.0,1581810734,0,12.934,4937.44444444,0.00050762775,318.0,297.0,528.0,1029.0,1394.0,1394.0,2335.0
55.0,1581810736,0,12.934,4937.44444444,0.00050762775,318.0,292.0,528.0,1029.0,1394.0,1394.0,2335.0
55.0,1581810737,0,12.934,4937.44444444,0.00050762775,318.0,292.0,528.0,1037.0,1394.0,1394.0,2335.0
55.0,1581810738,0,12.934,4937.44444444,0.00050762775,318.0,292.0,530.0,1037.0,1403.0,1403.0,2335.0
55.0,1581810739,0,12.934,5342.14814815,0.00050762775,318.0,292.0,530.0,1037.0,1403.0,1403.0,2335.0
69.5,1581810740,0,12.935,5342.14814815,0.00050762775,318.0,292.0,530.0,1037.0,1403.0,1403.0,2337.0
69.5,1581810743,0,12.935,5342.14814815,0.00050762775,318.0,292.0,530.0,1037.0,1403.0,1403.0,2337.0
69.5,1581810744,0,12.935,5342.14814815,0.00050762775,318.0,301.0,530.0,1037.0,1403.0,1403.0,2337.0
69.5,1581810745,0,12.935,5342.14814815,0.00050762775,318.0,301.0,530.0,1044.0,1403.0,1403.0,2337.0
69.5,1581810747,0,12.935,5342.14814815,0.00050762775,318.0,301.0,533.0,1044.0,1403.0,1403.0,2337.0
69.5,1581810749,0,12.935,5729.66666667,0.00050762775,318.0,301.0,533.0,1044.0,1403.0,1403.0,2337.0
53.0,1581810750,0,12.935,5729.66666667,0.00050762775,318.0,301.0,533.0,1044.0,1403.0,1403.0,2339.0
53.0,1581810751,0,12.933,5729.66666667,0.00050762775,318.0,301.0,533.0,1044.0,1403.0,1403.0,2339.0
53.0,1581810752,0,12.933,5729.66666667,0.00050762775,318.0,295.0,533.0,1044.0,1403.0,1403.0,2339.0
53.0,1581810753,0,12.933,5729.66666667,0.00050762775,318.0,295.0,533.0,1045.0,1403.0,1403.0,2339.0
53.0,1581810756,0,12.933,5729.66666667,0.00050762775,318.0,295.0,534.0,1045.0,1403.0,1403.0,2339.0
53.0,1581810760,0,12.933,6125.77777778,0.00050762775,318.0,295.0,534.0,1045.0,1403.0,1403.0,2339.0
63.0,1581810761,0,12.933,6125.77777778,0.00050762775,318.0,339.0,534.0,1045.0,1403.0,1403.0,2341.0
63.0,1581810762,0,12.933,6125.77777778,0.00050762775,318.0,339.0,534.0,1045.0,1403.0,1403.0,2341.0
63.0,1581810765,0,12.933,6125.77777778,0.00050762775,318.0,339.0,538.0,1045.0,1403.0,1403.0,2341.0
63.0,1581810769,0,12.933,6125.77777778,0.00050762775,318.0,337.0,538.0,1057.0,1403.0,1403.0,2341.0
63.0,1581810770,0,12.933,6125.77777778,0.00050762775,318.0,337.0,538.0,1057.0,1403.0,1403.0,2341.0
0,1581810771,0,0,6523.2962963,0.00050762775,0,0,0,0,0,0,0
130.0,1581810772,0,12.934,6523.2962963,0.00050762775,0.0,0.0,0.0,0.0,0.0,0.0,2343.0
130.0,1581810774,0,12.934,6523.2962963,0.00050762775,0.0,0.0,538.0,0.0,0.0,0.0,2343.0
130.0,1581810777,0,12.934,6523.2962963,0.00050762775,318.0,319.0,538.0,0.0,0.0,0.0,2343.0
130.0,1581810778,0,12.934,6523.2962963,0.00050762775,318.0,319.0,538.0,1057.0,0.0,0.0,2343.0
130.0,1581810779,0,12.934,6523.2962963,0.00050762775,318.0,319.0,538.0,1057.0,0.0,0.0,2343.0
130.0,1581810782,0,12.934,7068.48148148,0.00050762775,318.0,319.0,538.0,1057.0,1394.0,1394.0,2343.0
90.5,1581810783,0,12.934,7068.48148148,0.00050762775,318.0,319.0,538.0,1057.0,1394.0,1394.0,2346.0
90.5,1581810784,0,12.934,7068.48148148,0.00050762775,318.0,319.0,543.0,1057.0,1394.0,1394.0,2346.0
90.5,1581810786,0,12.934,7068.48148148,0.00050762775,318.0,585.0,543.0,1057.0,1394.0,1394.0,2346.0
90.5,1581810787,0,12.934,7068.48148148,0.00050762775,318.0,585.0,543.0,1064.0,1394.0,1394.0,2346.0
90.5,1581810789,0,12.934,7068.48148148,0.00050762775,318.0,585.0,543.0,1064.0,1394.0,1394.0,2346.0
90.5,1581810794,0,12.934,7402.59259259,0.00050762775,318.0,585.0,543.0,1064.0,1394.0,1394.0,2346.0
59.5,1581810795,0,12.933,7402.59259259,0.00050762775,318.0,585.0,543.0,1064.0,1394.0,1394.0,2348.0
59.5,1581810796,0,12.933,7402.59259259,0.00050762775,318.0,332.0,543.0,1069.0,1394.0,1394.0,2348.0
59.5,1581810799,0,12.933,7402.59259259,0.00050762775,318.0,332.0,543.0,1069.0,1394.0,1394.0,2348.0
59.5,1581810804,0,12.933,7402.59259259,0.00050762775,318.0,296.0,543.0,1069.0,1394.0,1394.0,2348.0
59.5,1581810805,0,12.933,7757.74074074,0.00050762775,319.0,296.0,543.0,1072.0,1394.0,1394.0,2348.0
52.0,1581810806,0,12.933,7757.74074074,0.0206090648333,319.0,296.0,543.0,1072.0,1394.0,1394.0,2350.0
52.0,1581810807,0,12.934,7757.74074074,0.0206090648333,319.0,296.0,543.0,1072.0,1394.0,1394.0,2350.0
52.0,1581810809,0,12.934,7757.74074074,0.0206090648333,319.0,296.0,543.0,1072.0,1394.0,1394.0,2350.0
52.0,1581810813,0,12.934,7757.74074074,0.0206090648333,319.0,419.0,543.0,1072.0,1394.0,1394.0,2350.0
52.0,1581810814,0,12.934,7757.74074074,0.0206090648333,319.0,419.0,543.0,1086.0,1394.0,1394.0,2350.0
52.0,1581810816,0,12.934,7757.74074074,0.0206090648333,319.0,419.0,543.0,1086.0,1403.0,1403.0,2350.0
52.0,1581810817,0,12.934,8109.40740741,0.0206090648333,319.0,419.0,543.0,1086.0,1403.0,1403.0,2350.0
101.5,1581810818,0,12.933,8109.40740741,0.0206090648333,319.0,419.0,543.0,1086.0,1403.0,1403.0,2353.0
101.5,1581810819,0,12.933,8109.40740741,0.0206090648333,319.0,419.0,543.0,1086.0,1403.0,1403.0,2353.0
101.5,1581810822,0,12.933,8109.40740741,0.0206090648333,319.0,405.0,543.0,1086.0,1403.0,1403.0,2353.0
101.5,1581810823,0,12.933,8109.40740741,0.0206090648333,319.0,405.0,543.0,1087.0,1403.0,1403.0,2353.0
101.5,1581810824,0,12.933,8109.40740741,0.0206090648333,319.0,405.0,543.0,1087.0,1403.0,1403.0,2353.0
101.5,1581810828,0,12.933,8639.37037037,0.0206090648333,319.0,405.0,543.0,1087.0,1403.0,1403.0,2353.0
53.0,1581810829,0,12.933,8639.37037037,0.0206090648333,319.0,405.0,543.0,1087.0,1403.0,1403.0,2355.0
53.0,1581810830,0,12.933,8639.37037037,0.0206090648333,319.0,405.0,543.0,1087.0,1403.0,1403.0,2355.0
53.0,1581810831,0,12.933,8639.37037037,0.0206090648333,319.0,227.0,543.0,1087.0,1403.0,1403.0,2355.0
53.0,1581810832,0,12.933,8639.37037037,0.0206090648333,319.0,227.0,543.0,1087.0,1403.0,1403.0,2355.0
53.0,1581810834,0,12.933,8639.37037037,0.0206090648333,319.0,227.0,543.0,1087.0,1403.0,1403.0,2355.0
53.0,1581810838,0,12.933,8639.37037037,0.0206090648333,319.0,227.0,543.0,1087.0,1403.0,1403.0,2355.0
53.0,1581810839,0,12.933,8992.18518519,0.0206090648333,319.0,227.0,543.0,1087.0,1403.0,1403.0,2355.0
63.0,1581810840,0,12.933,8992.18518519,0.0206090648333,319.0,395.0,543.0,1096.0,1403.0,1403.0,2357.0
63.0,1581810841,0,12.933,8992.18518519,0.0206090648333,319.0,395.0,543.0,1096.0,1403.0,1403.0,2357.0
63.0,1581810844,0,12.933,8992.18518519,0.0206090648333,319.0,395.0,543.0,1096.0,1403.0,1403.0,2357.0
63.0,1581810849,0,12.933,8992.18518519,0.0206090648333,319.0,395.0,543.0,1096.0,1403.0,1403.0,2357.0
63.0,1581810850,0,12.933,8992.18518519,0.0206090648333,319.0,358.0,543.0,1105.0,1403.0,1403.0,2357.0
63.0,1581810851,0,12.933,8992.18518519,0.0206090648333,319.0,358.0,543.0,1105.0,1403.0,1403.0,2357.0
63.0,1581810852,0,12.933,9343.85185185,0.0206090648333,319.0,358.0,543.0,1105.0,1403.0,1403.0,2357.0
95.0,1581810853,0,12.935,9343.85185185,0.0206090648333,319.0,358.0,543.0,1105.0,1403.0,1403.0,2359.0
95.0,1581810854,0,12.935,9343.85185185,0.0206090648333,319.0,358.0,543.0,1105.0,1403.0,1403.0,2359.0
95.0,1581810858,0,12.935,9343.85185185,0.0206090648333,319.0,289.0,543.0,1105.0,1403.0,1403.0,2359.0
95.0,1581810859,0,12.935,9343.85185185,0.0206090648333,319.0,289.0,543.0,1105.0,1403.0,1403.0,2359.0
95.0,1581810862,0,12.935,9343.85185185,0.0206090648333,319.0,289.0,543.0,1105.0,1403.0,1403.0,2359.0
95.0,1581810863,0,12.935,9874.96296296,0.0206090648333,319.0,289.0,543.0,1105.0,1403.0,1403.0,2359.0
118.0,1581810864,0,12.933,9874.96296296,0.0206090648333,319.0,289.0,543.0,1105.0,1403.0,1403.0,2362.0
118.0,1581810866,0,12.933,9874.96296296,0.0206090648333,319.0,218.0,543.0,1105.0,1403.0,1403.0,2362.0
118.0,1581810871,0,12.933,9874.96296296,0.0206090648333,319.0,218.0,543.0,1105.0,1403.0,1403.0,2362.0
118.0,1581810872,0,12.933,9874.96296296,0.0206090648333,319.0,218.0,543.0,1105.0,1403.0,1403.0,2362.0
118.0,1581810873,0,12.933,10292.7037037,0.0206090648333,319.0,218.0,543.0,1105.0,1403.0,1403.0,2362.0
97.0,1581810874,0,12.933,10292.7037037,0.02158810525,319.0,444.0,543.0,1105.0,1403.0,1403.0,2364.0
97.0,1581810875,0,12.933,10292.7037037,0.02158810525,319.0,444.0,543.0,1106.0,1403.0,1403.0,2364.0
97.0,1581810876,0,12.933,10292.7037037,0.02158810525,319.0,444.0,543.0,1106.0,1403.0,1403.0,2364.0
97.0,1581810881,0,12.933,10292.7037037,0.02158810525,319.0,444.0,543.0,1106.0,1403.0,1403.0,2364.0
97.0,1581810883,0,12.933,10292.7037037,0.02158810525,319.0,466.0,543.0,1107.0,1403.0,1403.0,2364.0
97.0,1581810884,0,12.933,10292.7037037,0.02158810525,319.0,466.0,543.0,1107.0,1403.0,1403.0,2364.0
97.0,1581810885,0,12.933,10646.7407407,0.0206090648333,319.0,466.0,543.0,1107.0,1403.0,1403.0,2364.0
69.0,1581810886,0,12.935,10646.7407407,0.0206090648333,319.0,466.0,543.0,1107.0,1403.0,1403.0,2366.0
69.0,1581810890,0,12.935,10646.7407407,0.0206090648333,319.0,466.0,543.0,1107.0,1403.0,1403.0,2366.0
69.0,1581810891,0,12.935,10646.7407407,0.0206090648333,319.0,286.0,543.0,1107.0,1403.0,1403.0,2366.0
69.0,1581810892,0,12.935,10646.7407407,0.0206090648333,319.0,286.0,543.0,1108.0,1403.0,1403.0,2366.0
69.0,1581810895,0,12.935,10646.7407407,0.0206090648333,319.0,286.0,543.0,1108.0,1403.0,1403.0,2366.0
69.0,1581810896,0,12.935,11039.0,0.0206090648333,319.0,286.0,543.0,1108.0,1403.0,1403.0,2366.0
127.5,1581810897,0,12.934,11039.0,0.0206090648333,319.0,286.0,543.0,1108.0,1403.0,1403.0,2368.0
127.5,1581810900,0,12.934,11039.0,0.0206090648333,319.0,314.0,543.0,1108.0,1403.0,1403.0,2368.0
127.5,1581810901,0,12.934,11039.0,0.0206090648333,319.0,314.0,543.0,1112.0,1403.0,1403.0,2368.0
127.5,1581810904,0,12.934,11039.0,0.0206090648333,319.0,314.0,543.0,1112.0,1403.0,1403.0,2368.0
127.5,1581810906,0,12.934,11039.0,0.0206090648333,319.0,314.0,543.0,1112.0,1394.0,1394.0,2368.0
127.5,1581810907,0,12.934,11454.5925926,0.0206090648333,319.0,314.0,543.0,1112.0,1394.0,1394.0,2368.0
125.5,1581810908,0,12.934,11454.5925926,0.0206090648333,319.0,314.0,543.0,1112.0,1394.0,1394.0,2370.0
125.5,1581810909,0,12.934,11454.5925926,0.0206090648333,319.0,318.0,543.0,1114.0,1394.0,1394.0,2370.0
125.5,1581810914,0,12.934,11454.5925926,0.0206090648333,319.0,318.0,543.0,1114.0,1394.0,1394.0,2370.0
125.5,1581810917,0,12.934,11936.3703704,0.0206090648333,319.0,282.0,543.0,1114.0,1403.0,1403.0,2370.0
112.5,1581810918,0,12.934,11936.3703704,0.0206090648333,319.0,282.0,543.0,1121.0,1403.0,1403.0,2373.0
112.5,1581810919,0,12.934,11936.3703704,0.0206090648333,319.0,282.0,543.0,1121.0,1403.0,1403.0,2373.0
112.5,1581810923,0,12.934,11936.3703704,0.0206090648333,319.0,282.0,543.0,1121.0,1403.0,1403.0,2373.0
112.5,1581810925,0,12.934,11936.3703704,0.0206090648333,319.0,273.0,543.0,1121.0,1403.0,1403.0,2373.0
112.5,1581810926,0,12.934,11936.3703704,0.0206090648333,319.0,273.0,543.0,1121.0,1403.0,1403.0,2373.0
112.5,1581810928,0,12.934,11936.3703704,0.0206090648333,319.0,273.0,543.0,1121.0,1403.0,1403.0,2373.0
112.5,1581810929,0,12.934,12338.8888889,0.0206090648333,319.0,273.0,543.0,1121.0,1403.0,1403.0,2373.0
52.0,1581810930,0,12.935,12338.8888889,0.0206090648333,319.0,273.0,543.0,1121.0,1403.0,1403.0,2375.0
52.0,1581810932,0,12.935,12338.8888889,0.0206090648333,319.0,273.0,543.0,1121.0,1403.0,1403.0,2375.0
52.0,1581810934,0,12.935,12338.8888889,0.0206090648333,319.0,298.0,543.0,1121.0,1403.0,1403.0,2375.0
52.0,1581810935,0,12.935,12338.8888889,0.0206090648333,319.0,298.0,543.0,1122.0,1403.0,1403.0,2375.0
52.0,1581810937,0,12.935,12338.8888889,0.0206090648333,319.0,298.0,543.0,1122.0,1403.0,1403.0,2375.0
52.0,1581810939,0,12.935,12338.8888889,0.0206090648333,319.0,298.0,543.0,1122.0,1403.0,1403.0,2375.0
52.0,1581810940,0,12.935,12703.8148148,0.0206090648333,319.0,298.0,543.0,1122.0,1403.0,1403.0,2375.0
54.0,1581810941,0,12.933,12703.8148148,0.0206090648333,319.0,298.0,543.0,1122.0,1403.0,1403.0,2377.0
54.0,1581810942,0,12.933,12703.8148148,0.0206090648333,319.0,201.0,543.0,1122.0,1403.0,1403.0,2377.0
54.0,1581810943,0,12.933,12703.8148148,0.0206090648333,319.0,201.0,543.0,1127.0,1403.0,1403.0,2377.0
54.0,1581810946,0,12.933,12703.8148148,0.0206090648333,319.0,201.0,543.0,1127.0,1403.0,1403.0,2377.0
54.0,1581810950,0,12.933,12703.8148148,0.0206090648333,319.0,312.0,543.0,1127.0,1403.0,1403.0,2377.0
54.0,1581810951,0,12.933,13088.962963,0.0206090648333,319.0,312.0,543.0,1127.0,1403.0,1403.0,2377.0
130.5,1581810952,0,12.934,13088.962963,0.0206090648333,319.0,312.0,543.0,1127.0,1403.0,1403.0,2379.0
0,1581810956,0,0,0,0,0,0,543.0,0,0,0,0
0.0,1581810959,0,0.0,0.0,0.0,319.0,336.0,543.0,0.0,0.0,0.0,0.0
0.0,1581810960,0,0.0,0.0,0.0,319.0,336.0,543.0,1133.0,0.0,0.0,0.0
0.0,1581810962,0,0.0,13666.0740741,0.0,319.0,336.0,543.0,1133.0,1403.0,1403.0,0.0
0.0,1581810963,0,0.0,13666.0740741,0.0206090648333,319.0,336.0,543.0,1133.0,1403.0,1403.0,0.0
146.5,1581810964,0,12.934,13666.0740741,0.0206090648333,319.0,336.0,543.0,1133.0,1403.0,1403.0,2382.0
146.5,1581810965,0,12.934,13666.0740741,0.0206090648333,319.0,336.0,543.0,1133.0,1403.0,1403.0,2382.0
146.5,1581810968,0,12.934,13666.0740741,0.0206090648333,319.0,474.0,543.0,1133.0,1403.0,1403.0,2382.0
146.5,1581810969,0,12.934,13666.0740741,0.0206090648333,319.0,474.0,543.0,1141.0,1403.0,1403.0,2382.0
146.5,1581810970,0,12.934,13666.0740741,0.0206090648333,319.0,474.0,543.0,1141.0,1403.0,1403.0,2382.0
146.5,1581810973,0,12.934,14017.3703704,0.0206090648333,319.0,474.0,543.0,1141.0,1403.0,1403.0,2382.0
146.5,1581810974,0,12.934,14017.3703704,0.0206090648333,319.0,474.0,543.0,1141.0,1403.0,1403.0,2382.0
77.0,1581810975,0,12.933,14017.3703704,0.0206090648333,319.0,474.0,543.0,1141.0,1403.0,1403.0,2384.0
77.0,1581810976,0,12.933,14017.3703704,0.0206090648333,319.0,339.0,543.0,1141.0,1403.0,1403.0,2384.0
77.0,1581810977,0,12.933,14017.3703704,0.0206090648333,319.0,339.0,543.0,1142.0,1403.0,1403.0,2384.0
77.0,1581810979,0,12.933,14017.3703704,0.0206090648333,319.0,339.0,543.0,1142.0,1403.0,1403.0,2384.0
77.0,1581810983,0,12.933,14017.3703704,0.0206090648333,319.0,339.0,543.0,1142.0,1403.0,1403.0,2384.0
77.0,1581810984,0,12.933,14369.037037,0.0206090648333,320.0,381.0,543.0,1142.0,1403.0,1403.0,2384.0
57.0,1581810985,0,12.934,14369.037037,0.0206090648333,320.0,381.0,543.0,1148.0,1403.0,1403.0,2386.0
57.0,1581810988,0,12.934,14369.037037,0.0206090648333,320.0,381.0,543.0,1148.0,1403.0,1403.0,2386.0
57.0,1581810992,0,12.934,14369.037037,0.0206090648333,320.0,371.0,543.0,1148.0,1403.0,1403.0,2386.0
57.0,1581810993,0,12.934,14369.037037,0.0206090648333,320.0,371.0,543.0,1154.0,1403.0,1403.0,2386.0
57.0,1581810995,0,12.934,14744.4074074,0.0206090648333,320.0,371.0,543.0,1154.0,1394.0,1394.0,2386.0
58.0,1581810996,0,12.934,14744.4074074,0.0206090648333,320.0,371.0,543.0,1154.0,1394.0,1394.0,2388.0
58.0,1581810997,0,12.934,14744.4074074,0.0206090648333,320.0,371.0,549.0,1154.0,1394.0,1394.0,2388.0
58.0,1581811000,0,12.934,14744.4074074,0.0206090648333,320.0,302.0,549.0,1154.0,1394.0,1394.0,2388.0
58.0,1581811001,0,12.934,14744.4074074,0.0206090648333,320.0,302.0,549.0,1154.0,1394.0,1394.0,2388.0
58.0,1581811004,0,12.934,14744.4074074,0.0206090648333,320.0,302.0,549.0,1154.0,1403.0,1403.0,2388.0
58.0,1581811005,0,12.934,15246.5185185,0.0206090648333,320.0,302.0,549.0,1154.0,1403.0,1403.0,2388.0
53.5,1581811006,0,12.935,15246.5185185,0.0206090648333,320.0,302.0,549.0,1154.0,1403.0,1403.0,2390.0
53.5,1581811007,0,12.935,15246.5185185,0.0206090648333,320.0,248.0,549.0,1154.0,1403.0,1403.0,2390.0
53.5,1581811008,0,12.935,15246.5185185,0.0206090648333,320.0,248.0,549.0,1156.0,1403.0,1403.0,2390.0
53.5,1581811009,0,12.935,15246.5185185,0.0206090648333,320.0,248.0,550.0,1156.0,1403.0,1403.0,2390.0
53.5,1581811014,0,12.935,15246.5185185,0.0206090648333,320.0,248.0,550.0,1156.0,1403.0,1403.0,2390.0
53.5,1581811015,0,12.935,15603.2222222,0.0206090648333,320.0,248.0,550.0,1156.0,1403.0,1403.0,2390.0
55.5,1581811016,0,12.935,15603.2222222,0.0206090648333,320.0,735.0,550.0,1156.0,1403.0,1403.0,2392.0
55.5,1581811017,0,12.934,15603.2222222,0.0206090648333,320.0,735.0,550.0,1156.0,1403.0,1403.0,2392.0
55.5,1581811023,0,12.934,15603.2222222,0.0206090648333,320.0,735.0,550.0,1156.0,1403.0,1403.0,2392.0
55.5,1581811024,0,12.934,15603.2222222,0.0206090648333,320.0,675.0,550.0,1156.0,1403.0,1403.0,2392.0
55.5,1581811025,0,12.934,15603.2222222,0.0206090648333,320.0,675.0,550.0,1163.0,1403.0,1403.0,2392.0
55.5,1581811026,0,12.934,15954.8888889,0.0206090648333,320.0,675.0,550.0,1163.0,1403.0,1403.0,2392.0
169.0,1581811027,1,12.934,15954.8888889,0.0206090648333,320.0,675.0,550.0,1163.0,1403.0,1403.0,2394.0
169.0,1581811032,1,12.934,15954.8888889,0.0206090648333,320.0,675.0,550.0,1163.0,1403.0,1403.0,2394.0
169.0,1581811033,1,12.934,15954.8888889,0.0206090648333,320.0,771.0,550.0,1171.0,1403.0,1403.0,2394.0
169.0,1581811036,1,12.934,15954.8888889,0.0206090648333,320.0,771.0,550.0,1171.0,1403.0,1403.0,2394.0
169.0,1581811037,1,12.934,16950.2692308,0.0206090648333,320.0,771.0,550.0,1171.0,1403.0,1403.0,2394.0
83.0,1581811038,0,12.934,16950.2692308,0.0206090648333,320.0,771.0,550.0,1171.0,1403.0,1403.0,2396.0
83.0,1581811041,0,12.934,16950.2692308,0.0206090648333,320.0,788.0,550.0,1171.0,1403.0,1403.0,2396.0
83.0,1581811042,0,12.934,16950.2692308,0.0206090648333,320.0,788.0,550.0,1177.0,1403.0,1403.0,2396.0
83.0,1581811045,0,12.934,16950.2692308,0.0206090648333,320.0,788.0,554.0,1177.0,1403.0,1403.0,2396.0
83.0,1581811046,0,12.934,16950.2692308,0.0206090648333,320.0,788.0,554.0,1177.0,1403.0,1403.0,2396.0
83.0,1581811047,0,12.934,16792.962963,0.0206090648333,320.0,788.0,554.0,1177.0,1403.0,1403.0,2396.0
146.5,1581811048,0,12.933,16792.962963,0.0206090648333,320.0,788.0,554.0,1177.0,1403.0,1403.0,2398.0
146.5,1581811049,0,12.933,16792.962963,0.0206090648333,320.0,757.0,554.0,1177.0,1403.0,1403.0,2398.0
146.5,1581811050,0,12.933,16792.962963,0.0206090648333,320.0,757.0,554.0,1185.0,1403.0,1403.0,2398.0
146.5,1581811054,0,12.933,16792.962963,0.0206090648333,320.0,757.0,554.0,1185.0,1403.0,1403.0,2398.0
146.5,1581811057,0,12.933,16792.962963,0.0206090648333,320.0,741.0,554.0,1185.0,1403.0,1403.0,2398.0
146.5,1581811058,0,12.933,12967.5277778,0.0206090648333,320.0,741.0,554.0,1200.0,1403.0,1403.0,2398.0
234.5,1581811059,1,12.933,12967.5277778,0.0206090648333,320.0,741.0,557.0,1200.0,1403.0,1403.0,2401.0
234.5,1581811060,1,12.933,12967.5277778,0.0206090648333,320.0,741.0,557.0,1200.0,1403.0,1403.0,2401.0
234.5,1581811063,1,12.933,12967.5277778,0.0206090648333,320.0,741.0,557.0,1200.0,1403.0,1403.0,2401.0
234.5,1581811066,1,12.933,12967.5277778,0.0206090648333,320.0,780.0,557.0,1204.0,1403.0,1403.0,2401.0
234.5,1581811068,1,12.933,12967.5277778,0.0206090648333,320.0,780.0,557.0,1204.0,1403.0,1403.0,2401.0
234.5,1581811069,1,12.933,12967.5277778,0.0206090648333,320.0,780.0,557.0,1204.0,1394.0,1394.0,2401.0
234.5,1581811070,1,12.933,10625.6888889,0.0206090648333,320.0,780.0,557.0,1204.0,1394.0,1394.0,2401.0
156.0,1581811071,1,12.934,10625.6888889,0.0206090648333,320.0,780.0,557.0,1204.0,1394.0,1394.0,2403.0
156.0,1581811072,1,12.934,10625.6888889,0.0206090648333,320.0,780.0,557.0,1204.0,1394.0,1394.0,2403.0
156.0,1581811074,1,12.934,10625.6888889,0.0206090648333,320.0,458.0,557.0,1204.0,1394.0,1394.0,2403.0
156.0,1581811077,1,12.934,10625.6888889,0.0206090648333,320.0,458.0,557.0,1204.0,1394.0,1394.0,2403.0
156.0,1581811080,1,12.934,10866.1555556,0.0206090648333,320.0,458.0,557.0,1204.0,1403.0,1403.0,2403.0
148.5,1581811081,0,12.934,10866.1555556,0.0206090648333,320.0,458.0,559.0,1204.0,1403.0,1403.0,2403.0
148.5,1581811082,0,12.935,10866.1555556,0.0206090648333,320.0,771.0,559.0,1204.0,1403.0,1403.0,2405.0
148.5,1581811083,0,12.935,10866.1555556,0.0206090648333,320.0,771.0,559.0,1205.0,1403.0,1403.0,2405.0
148.5,1581811085,0,12.935,10866.1555556,0.0206090648333,320.0,771.0,559.0,1205.0,1403.0,1403.0,2405.0
148.5,1581811090,0,12.935,10866.1555556,0.0206090648333,320.0,785.0,559.0,1205.0,1403.0,1403.0,2405.0
148.5,1581811091,0,12.935,11101.6666667,0.0206090648333,320.0,785.0,559.0,1214.0,1403.0,1403.0,2405.0
74.5,1581811092,0,12.933,11101.6666667,0.0206090648333,320.0,785.0,559.0,1214.0,1403.0,1403.0,2407.0
74.5,1581811094,0,12.933,11101.6666667,0.0206090648333,320.0,785.0,559.0,1214.0,1403.0,1403.0,2407.0
74.5,1581811098,0,12.933,11101.6666667,0.0206090648333,320.0,762.0,559.0,1214.0,1403.0,1403.0,2407.0
74.5,1581811099,0,12.933,11101.6666667,0.0206090648333,320.0,762.0,559.0,1220.0,1403.0,1403.0,2407.0
74.5,1581811101,0,12.933,11101.6666667,0.0206090648333,320.0,762.0,559.0,1220.0,1403.0,1403.0,2407.0
74.5,1581811102,0,12.933,11327.9111111,0.02147515225,320.0,762.0,559.0,1220.0,1403.0,1403.0,2407.0
190.5,1581811103,1,12.933,11327.9111111,0.02147515225,320.0,762.0,559.0,1220.0,1403.0,1403.0,2410.0
190.5,1581811106,1,12.933,11327.9111111,0.02147515225,320.0,481.0,559.0,1220.0,1403.0,1403.0,2410.0
190.5,1581811107,1,12.933,11327.9111111,0.02147515225,320.0,481.0,559.0,1221.0,1403.0,1403.0,2410.0
190.5,1581811108,1,12.933,11327.9111111,0.02147515225,320.0,481.0,559.0,1221.0,1403.0,1403.0,2410.0
190.5,1581811112,1,12.933,11327.9111111,0.02147515225,320.0,481.0,559.0,1221.0,1403.0,1403.0,2410.0
190.5,1581811113,1,12.933,11657.9111111,0.02147515225,320.0,481.0,559.0,1221.0,1403.0,1403.0,2410.0
185.0,1581811114,1,12.935,11657.9111111,0.02147515225,320.0,791.0,559.0,1221.0,1403.0,1403.0,2412.0
185.0,1581811115,1,12.935,11657.9111111,0.02147515225,320.0,791.0,559.0,1226.0,1403.0,1403.0,2412.0
185.0,1581811116,1,12.935,11657.9111111,0.02147515225,320.0,791.0,559.0,1226.0,1403.0,1403.0,2412.0
185.0,1581811120,1,12.935,11657.9111111,0.02147515225,320.0,791.0,559.0,1226.0,1403.0,1403.0,2412.0
185.0,1581811122,1,12.935,11657.9111111,0.02147515225,320.0,795.0,559.0,1226.0,1403.0,1403.0,2412.0
185.0,1581811123,1,12.935,11928.4666667,0.02147515225,320.0,795.0,559.0,1227.0,1403.0,1403.0,2412.0
244.5,1581811124,1,12.933,11928.4666667,0.02147515225,320.0,795.0,559.0,1227.0,1403.0,1403.0,2414.0
244.5,1581811125,1,12.933,11928.4666667,0.02147515225,320.0,795.0,559.0,1227.0,1403.0,1403.0,2414.0
244.5,1581811129,1,12.933,11928.4666667,0.02147515225,320.0,795.0,559.0,1227.0,1403.0,1403.0,2414.0
244.5,1581811130,1,12.933,11928.4666667,0.02147515225,320.0,747.0,559.0,1232.0,1403.0,1403.0,2414.0
244.5,1581811133,1,12.933,12179.2888889,0.02147515225,320.0,747.0,559.0,1232.0,1403.0,1403.0,2414.0
154.5,1581811134,1,12.934,12179.2888889,0.02147515225,320.0,747.0,559.0,1232.0,1403.0,1403.0,2416.0
52.5,1582033832,0,0,0,0,0,0,0,0,0,0,0
52.5,1582033854,0,22.0,0.0,0.0,5.22,0.220633709,0.077653737,0.0,0.0,0.0,0.0
97.0,1582033855,0,22.0,535.37037037,603.333333333,5.22,0.220633709,0.077653737,4.90619230769e-05,0.0,0.0,0.0
97.0,1582033856,0,22.0,535.37037037,603.333333333,5.22,0.22507175,0.103717249,4.90472615385e-05,2206.0,7588.0,0.0
77.3333333333,1582033857,0,22.0,535.37037037,603.333333333,5.22,0.22507175,0.103717249,4.90472615385e-05,2206.0,7588.0,17029.0
77.3333333333,1582033858,0,22.0,535.37037037,603.333333333,5.22,0.22507175,0.103717249,4.90472615385e-05,2206.0,7588.0,17029.0
77.3333333333,1582033870,0,23.0,931.037037037,1048.66666667,8.71,0.212600879,0.12197722,4.90472615385e-05,2206.0,7588.0,17029.0
81.5,1582033871,0,23.0,931.037037037,1048.66666667,8.71,0.212600879,0.12197722,4.90619230769e-05,2206.0,7588.0,17029.0
81.5,1582033872,0,23.0,931.037037037,1048.66666667,8.71,0.212600879,0.12197722,4.90619230769e-05,2214.0,7609.0,17029.0
81.5,1582033873,0,23.0,931.037037037,1048.66666667,8.71,0.212600879,0.12197722,4.90619230769e-05,2214.0,7609.0,17042.0
81.5,1582033883,0,23.0,1071.77777778,1207.66666667,10.19,0.19793306,0.128899591,4.90619230769e-05,2214.0,7609.0,17042.0
81.0,1582033884,0,23.0,1071.77777778,1207.66666667,10.19,0.19793306,0.128899591,4.90619230769e-05,2214.0,7609.0,17042.0
81.0,1582033885,0,23.0,1071.77777778,1207.66666667,10.19,0.19793306,0.128899591,4.90619230769e-05,2222.0,7620.0,17042.0
81.0,1582033886,0,23.0,1071.77777778,1207.66666667,10.19,0.19793306,0.128899591,4.90619230769e-05,2222.0,7620.0,17045.0
81.0,1582033897,0,23.0,1071.77777778,1207.66666667,10.19,0.22685667,0.128899591,4.90619230769e-05,2222.0,7620.0,17045.0
81.0,1582033898,0,23.0,1338.55555556,1507.66666667,12.6,0.22685667,0.140392595,4.90619230769e-05,2222.0,7620.0,17045.0
88.0,1582033899,0,23.0,1338.55555556,1507.66666667,12.6,0.22685667,0.140392595,4.90619230769e-05,2222.0,7620.0,17045.0
88.0,1582033900,0,23.0,1338.55555556,1507.66666667,12.6,0.22685667,0.140392595,4.90619230769e-05,2222.0,7622.0,17127.0
88.0,1582033911,0,23.0,1338.55555556,1507.66666667,12.6,0.242837037,0.154470745,4.90619230769e-05,2222.0,7622.0,17127.0
88.0,1582033912,0,25.0,1605.07407407,1807.33333333,14.96,0.242837037,0.154470745,4.90619230769e-05,2222.0,7622.0,17127.0
136.5,1582033913,0,25.0,1605.07407407,1807.33333333,14.96,0.242837037,0.154470745,4.90619230769e-05,2222.0,7622.0,17127.0
136.5,1582033914,0,25.0,1230.61111111,1386.0,15.4,0.242837037,0.154470745,4.90619230769e-05,2222.0,7622.0,17146.0
136.5,1582033915,0,25.0,1230.61111111,1386.0,15.4,0.242837037,0.154470745,4.90619230769e-05,2222.0,7622.0,17146.0
136.5,1582033916,0,25.0,1230.61111111,1386.0,15.4,0.242837037,0.154470745,4.90619230769e-05,2222.0,7622.0,17146.0
136.5,1582033938,0,25.0,1436.58333333,1618.25,18.19,0.212107598,0.170070137,4.90619230769e-05,2222.0,7622.0,17146.0
77.0,1582033939,0,25.0,1436.58333333,1618.25,18.19,0.212107598,0.170070137,4.90619230769e-05,2222.0,7622.0,17146.0
77.0,1582033940,0,25.0,1436.58333333,1618.25,18.19,0.212107598,0.170070137,4.90619230769e-05,2234.0,7650.0,17184.0
77.0,1582033947,0,25.0,1436.58333333,1618.25,18.19,0.190076216,0.172724119,4.90619230769e-05,2234.0,7650.0,17184.0
77.0,1582033948,0,25.0,1627.52777778,1833.25,20.63,0.190076216,0.172724119,4.90619230769e-05,2234.0,7650.0,17184.0
56.0,1582033949,0,25.0,1627.52777778,1833.25,20.63,0.190076216,0.172724119,4.90619230769e-05,2234.0,7650.0,17184.0
56.0,1582033950,0,25.0,1627.52777778,1833.25,20.63,0.190076216,0.172724119,4.90619230769e-05,2237.0,7653.0,17185.0
56.0,1582033962,0,25.0,1752.66666667,1974.25,22.13,0.201483782,0.178816286,4.90619230769e-05,2237.0,7653.0,17185.0
51.5,1582033963,0,25.0,1752.66666667,1974.25,22.13,0.201483782,0.178816286,4.90619230769e-05,2237.0,7653.0,17185.0
51.5,1582033964,0,25.0,1752.66666667,1974.25,22.13,0.201483782,0.178816286,4.90619230769e-05,2238.0,7656.0,17207.0
51.5,1582033974,0,25.0,1752.66666667,1974.25,22.13,0.184354826,0.179710206,4.90619230769e-05,2238.0,7656.0,17207.0
51.5,1582033975,0,25.0,1912.58333333,2154.25,24.48,0.184354826,0.179710206,4.90619230769e-05,2238.0,7656.0,17207.0
57.5,1582033976,0,25.0,1912.58333333,2154.25,24.48,0.184354826,0.179710206,4.90619230769e-05,2238.0,7656.0,17207.0
57.5,1582033977,0,25.0,1912.58333333,2154.25,24.48,0.184354826,0.179710206,4.90619230769e-05,2238.0,7656.0,17207.0
57.5,1582033981,0,25.0,1912.58333333,2154.25,24.48,0.197350632,0.179710206,4.90619230769e-05,2238.0,7656.0,17207.0
57.5,1582033982,0,25.0,2025.16666667,2280.75,25.87,0.197350632,0.181529212,4.90619230769e-05,2238.0,7656.0,17207.0
54.5,1582033983,0,25.0,2025.16666667,2280.75,25.87,0.197350632,0.181529212,4.90619230769e-05,2238.0,7656.0,17207.0
54.5,1582033984,0,25.0,2025.16666667,2280.75,25.87,0.197350632,0.181529212,4.90619230769e-05,2238.0,7656.0,17207.0
54.5,1582033989,0,25.0,2025.16666667,2280.75,27.53,0.214160379,0.185271379,4.90619230769e-05,2238.0,7656.0,17207.0
53.5,1582033990,0,25.0,2148.58333333,2420.0,27.53,0.214160379,0.185271379,4.90619230769e-05,2238.0,7656.0,17207.0
53.5,1582033992,0,25.0,2148.58333333,2420.0,27.53,0.214160379,0.185271379,4.90619230769e-05,2238.0,7656.0,17207.0
53.5,1582034004,0,25.0,2357.30555556,2655.0,30.39,0.212929527,0.195459824,4.90619230769e-05,2238.0,7656.0,17207.0
54.0,1582034005,0,25.0,2357.30555556,2655.0,30.39,0.212929527,0.195459824,4.90619230769e-05,2238.0,7656.0,17207.0
54.0,1582034006,0,25.0,2357.30555556,2655.0,30.39,0.212929527,0.195459824,4.90619230769e-05,2238.0,7656.0,17207.0
54.0,1582034007,0,25.0,2357.30555556,2655.0,30.39,0.212929527,0.195459824,4.90619230769e-05,2238.0,7656.0,17207.0
54.0,1582034018,0,25.0,2563.61111111,2887.0,33.11,0.212694868,0.217253341,4.90619230769e-05,2238.0,7656.0,17207.0
52.5,1582034019,0,25.0,2563.61111111,2887.0,33.11,0.212694868,0.217253341,4.90619230769e-05,2238.0,7656.0,17207.0
52.5,1582034020,0,25.0,2563.61111111,2887.0,33.11,0.212694868,0.217253341,4.90619230769e-05,2238.0,7674.0,17207.0
52.5,1582034021,0,25.0,2563.61111111,2887.0,33.11,0.212694868,0.217253341,4.90619230769e-05,2238.0,7674.0,17243.0
52.5,1582034032,0,25.0,2780.25,3130.75,36.03,0.20832381,0.223086202,4.90619230769e-05,2238.0,7674.0,17243.0
55.5,1582034033,0,25.0,2780.25,3130.75,36.03,0.20832381,0.223086202,4.90619230769e-05,2238.0,7674.0,17243.0
55.5,1582034034,0,25.0,2780.25,3130.75,36.03,0.20832381,0.223086202,4.90619230769e-05,2239.0,7675.0,17243.0
55.5,1582034035,0,25.0,2780.25,3130.75,36.03,0.20832381,0.223086202,4.90619230769e-05,2239.0,7675.0,17247.0
55.5,1582034046,0,25.0,2780.25,3130.75,38.49,0.216309689,0.234191455,4.90619230769e-05,2239.0,7675.0,17247.0
55.5,1582034047,0,25.0,2979.27777778,3354.75,38.49,0.216309689,0.234191455,4.90619230769e-05,2239.0,7675.0,17247.0
76.5,1582034048,0,25.0,2979.27777778,3354.75,38.49,0.216309689,0.234191455,4.90619230769e-05,2239.0,7675.0,17247.0
76.5,1582034049,0,25.0,2979.27777778,3354.75,38.49,0.216309689,0.234191455,4.90619230769e-05,2242.0,7678.0,17255.0
76.5,1582034062,0,25.0,2979.27777778,3354.75,38.49,0.212009492,0.265640138,4.90619230769e-05,2242.0,7678.0,17255.0
76.5,1582034063,0,25.0,3190.19444444,3592.5,41.23,0.212009492,0.265640138,4.90619230769e-05,2242.0,7678.0,17255.0
104.5,1582034064,0,25.0,3190.19444444,3592.5,41.23,0.212009492,0.265640138,4.90619230769e-05,2242.0,7678.0,17255.0
104.5,1582034065,0,25.0,3190.19444444,3592.5,41.23,0.212009492,0.265640138,4.90619230769e-05,2246.0,7682.0,17275.0
104.5,1582034070,0,25.0,3190.19444444,3592.5,41.23,0.212020444,0.268915856,4.90619230769e-05,2246.0,7682.0,17275.0
104.5,1582034071,0,25.0,3292.30555556,3707.25,42.51,0.212020444,0.268915856,4.90619230769e-05,2246.0,7682.0,17275.0
96.0,1582034072,0,25.0,3292.30555556,3707.25,42.51,0.212020444,0.268915856,4.90619230769e-05,2246.0,7682.0,17275.0
96.0,1582034073,0,25.0,3292.30555556,3707.25,42.51,0.212020444,0.268915856,4.90619230769e-05,2246.0,7682.0,17278.0
96.0,1582034093,0,25.0,3292.30555556,3707.25,42.51,0.240401298,0.268915856,4.90619230769e-05,2246.0,7682.0,17278.0
96.0,1582034094,0,25.0,3505.36111111,3947.25,45.47,0.240401298,0.282815504,4.90619230769e-05,2246.0,7682.0,17278.0
51.5,1582034095,0,25.0,3505.36111111,3947.25,45.47,0.240401298,0.282815504,4.90619230769e-05,2246.0,7682.0,17278.0
51.5,1582034097,0,25.0,3505.36111111,3947.25,45.47,0.240401298,0.282815504,4.90619230769e-05,2254.0,7692.0,17289.0
51.5,1582034105,0,25.0,3505.36111111,3947.25,45.47,0.206854499,0.292783708,4.90619230769e-05,2254.0,7692.0,17289.0
51.5,1582034106,0,25.0,3609.83333333,4064.5,46.98,0.206854499,0.292783708,4.90619230769e-05,2254.0,7692.0,17289.0
72.5,1582034107,0,25.0,3609.83333333,4064.5,46.98,0.206854499,0.292783708,4.90619230769e-05,2254.0,7692.0,17289.0
72.5,1582034108,0,25.0,3609.83333333,4064.5,46.98,0.206854499,0.292783708,4.90619230769e-05,2254.0,7692.0,17289.0
72.5,1582034117,0,25.0,3609.83333333,4064.5,46.98,0.20725028,0.292783708,4.90619230769e-05,2254.0,7692.0,17289.0
72.5,1582034118,0,25.0,3721.52777778,4190.5,48.58,0.20725028,0.298232183,0.000846561015385,2254.0,7692.0,17289.0
58.5,1582034119,0,25.0,3721.52777778,4190.5,48.58,0.20725028,0.298232183,0.000846561015385,2254.0,7692.0,17289.0
58.5,1582034120,0,25.0,3721.52777778,4190.5,48.58,0.20725028,0.298232183,0.000846561015385,2254.0,7692.0,17289.0
58.5,1582034121,0,25.0,3721.52777778,4190.5,48.58,0.20725028,0.298232183,0.000846561015385,2254.0,7692.0,17289.0
58.5,1582034142,0,25.0,3942.97222222,4439.0,51.63,0.206623752,0.317094582,0.000846561015385,2254.0,7692.0,17289.0
121.5,1582034143,0,25.0,3942.97222222,4439.0,51.63,0.206623752,0.317094582,0.000846561015385,2254.0,7692.0,17289.0
121.5,1582034144,0,25.0,3942.97222222,4439.0,51.63,0.206623752,0.317094582,0.000846561015385,2254.0,7692.0,17289.0
121.5,1582034145,0,25.0,3942.97222222,4439.0,51.63,0.206623752,0.317094582,0.000846561015385,2254.0,7692.0,17311.0
121.5,1582034147,0,25.0,4041.77777778,4550.5,52.94,0.215967224,0.321028718,0.000846561015385,2254.0,7692.0,17311.0
105.0,1582034148,0,25.0,4041.77777778,4550.5,52.94,0.215967224,0.321028718,0.000846561015385,2254.0,7692.0,17311.0
105.0,1582034150,0,25.0,4041.77777778,4550.5,52.94,0.215967224,0.321028718,0.000846561015385,2254.0,7710.0,17311.0
105.0,1582034166,0,25.0,4041.77777778,4665.25,54.36,0.214132028,0.32618474,0.000846561015385,2254.0,7710.0,17311.0
105.0,1582034167,0,25.0,4143.66666667,4665.25,54.36,0.214132028,0.32618474,0.000846561015385,2254.0,7710.0,17311.0
121.0,1582034168,0,25.0,4143.66666667,4665.25,54.36,0.214132028,0.32618474,0.000846561015385,2254.0,7710.0,17311.0
121.0,1582034169,0,25.0,4143.66666667,4665.25,54.36,0.214132028,0.32618474,0.000846561015385,2254.0,7710.0,17316.0
121.0,1582034190,0,25.0,4143.66666667,4665.25,57.17,0.161090183,0.343762152,0.000846561015385,2254.0,7710.0,17316.0
121.0,1582034191,0,25.0,4356.77777778,4905.25,57.17,0.161090183,0.343762152,0.000846561015385,2254.0,7710.0,17316.0
105.0,1582034192,0,25.0,4356.77777778,4905.25,57.17,0.161090183,0.343762152,0.000846561015385,2254.0,7710.0,17316.0
105.0,1582034193,0,25.0,4356.77777778,4905.25,57.17,0.161090183,0.343762152,0.000846561015385,2255.0,7721.0,17316.0
105.0,1582034194,0,25.0,4356.77777778,4905.25,57.17,0.161090183,0.343762152,0.000846561015385,2255.0,7721.0,17320.0
105.0,1582034210,0,25.0,4356.77777778,4905.25,59.79,0.214142005,0.377169108,0.000846561015385,2255.0,7721.0,17320.0
105.0,1582034211,0,25.0,4567.86111111,5143.0,59.79,0.214142005,0.377169108,0.000846561015385,2255.0,7721.0,17320.0
90.0,1582034212,0,0,0,0,0,0,0,0,0,0,0
90.0,1582034213,0,0.0,0.0,0.0,0.0,0.0,0.0,0.0,2257.0,7741.0,17327.0
90.0,1582034233,0,0.0,0.0,0.0,0.0,0.208254845,0.0,0.0,2257.0,7741.0,17327.0
90.0,1582034234,0,25.0,4780.77777778,5383.0,62.64,0.208254845,0.404451536,0.0,2257.0,7741.0,17327.0
90.0,1582034235,0,25.0,4780.77777778,5383.0,62.64,0.208254845,0.404451536,0.000846561015385,2257.0,7741.0,17327.0
53.0,1582034236,0,25.0,4780.77777778,5383.0,62.64,0.208254845,0.404451536,0.000846561015385,2257.0,7741.0,17327.0
53.0,1582034237,0,25.0,4780.77777778,5383.0,62.64,0.208254845,0.404451536,0.000846561015385,2257.0,7741.0,17327.0
53.0,1582034246,0,25.0,4987.66666667,5615.75,65.23,0.219444599,0.426064525,0.000846561015385,2257.0,7741.0,17327.0
80.0,1582034247,0,25.0,4987.66666667,5615.75,65.23,0.219444599,0.426064525,0.000846561015385,2257.0,7741.0,17327.0
80.0,1582034248,0,25.0,4987.66666667,5615.75,65.23,0.219444599,0.426064525,0.000846561015385,2259.0,7750.0,17327.0
80.0,1582034249,0,25.0,4987.66666667,5615.75,65.23,0.219444599,0.426064525,0.000846561015385,2259.0,7750.0,17336.0
80.0,1582034261,0,25.0,5196.36111111,5850.75,68.01,0.21914418,0.448826904,0.000846561015385,2259.0,7750.0,17336.0
54.5,1582034262,0,25.0,5196.36111111,5850.75,68.01,0.21914418,0.448826904,0.000846561015385,2259.0,7750.0,17336.0
54.5,1582034263,0,25.0,5196.36111111,5850.75,68.01,0.21914418,0.448826904,0.000846561015385,2260.0,7751.0,17336.0
54.5,1582034264,0,25.0,5196.36111111,5850.75,68.01,0.21914418,0.448826904,0.000846561015385,2260.0,7751.0,17338.0
54.5,1582034272,0,25.0,5196.36111111,5850.75,68.01,0.21549469,0.452982174,0.000846561015385,2260.0,7751.0,17338.0
54.5,1582034273,0,25.0,5404.80555556,6085.5,70.57,0.21549469,0.452982174,0.000846561015385,2260.0,7751.0,17338.0
53.0,1582034274,0,25.0,5404.80555556,6085.5,70.57,0.21549469,0.452982174,0.000846561015385,2260.0,7751.0,17338.0
53.0,1582034275,0,25.0,5404.80555556,6085.5,70.57,0.21549469,0.452982174,0.000846561015385,2264.0,7755.0,17339.0
53.0,1582034287,0,25.0,5628.91666667,6337.75,73.46,0.215860577,0.461820295,0.000846561015385,2264.0,7755.0,17339.0
71.0,1582034288,0,25.0,5628.91666667,6337.75,73.46,0.215860577,0.461820295,0.000846561015385,2264.0,7755.0,17339.0
71.0,1582034289,0,25.0,5628.91666667,6337.75,73.46,0.215860577,0.461820295,0.000846561015385,2264.0,7755.0,17339.0
71.0,1582034290,0,25.0,5628.91666667,6337.75,73.46,0.215860577,0.461820295,0.000846561015385,2264.0,7755.0,17339.0
71.0,1582034300,0,25.0,5628.91666667,6337.75,73.46,0.202950942,0.46952396,0.000846561015385,2264.0,7755.0,17339.0
71.0,1582034301,0,25.0,4652.91111111,5238.8,75.9,0.202950942,0.46952396,0.000846561015385,2264.0,7755.0,17339.0
89.5,1582034302,0,25.0,4652.91111111,5238.8,75.9,0.202950942,0.46952396,0.000846561015385,2264.0,7755.0,17339.0
89.5,1582034303,0,25.0,4652.91111111,5238.8,75.9,0.202950942,0.46952396,0.000846561015385,2265.0,7758.0,17355.0
89.5,1582034311,0,25.0,4813.42222222,5419.2,78.3,0.201899672,0.47746736,0.000846561015385,2265.0,7758.0,17355.0
94.5,1582034312,0,25.0,4813.42222222,5419.2,78.3,0.201899672,0.47746736,0.000846561015385,2265.0,7758.0,17355.0
94.5,1582034313,0,25.0,4813.42222222,5419.2,78.3,0.201899672,0.47746736,0.000846561015385,2266.0,7760.0,17359.0
94.5,1582034325,0,25.0,4813.42222222,5419.2,78.3,0.21266993,0.481576548,0.000846561015385,2266.0,7760.0,17359.0
94.5,1582034326,0,25.0,4976.35555556,5602.6,81.08,0.21266993,0.481576548,0.000846561015385,2266.0,7760.0,17359.0
94.5,1582034327,0,25.0,4976.35555556,5602.6,81.08,0.21266993,0.481576548,0.000846561015385,2266.0,7760.0,17359.0
94.5,1582034328,0,25.0,4976.35555556,5602.6,81.08,0.21266993,0.481576548,0.000846561015385,2269.0,7778.0,17374.0
94.5,1582034329,0,25.0,4976.35555556,5602.6,81.08,0.21266993,0.481576548,0.000846561015385,2269.0,7778.0,17374.0
94.5,1582034340,0,25.0,4976.35555556,5602.6,81.08,0.21498185,0.485403195,0.000846561015385,2269.0,7778.0,17374.0
52.0,1582034341,0,25.0,5139.42222222,5786.0,83.65,0.21498185,0.485403195,0.000846561015385,2269.0,7778.0,17374.0
52.0,1582034342,0,25.0,5139.42222222,5786.0,83.65,0.21498185,0.485403195,0.000846561015385,2270.0,7779.0,17374.0
52.0,1582034343,0,25.0,5139.42222222,5786.0,83.65,0.21498185,0.485403195,0.000846561015385,2270.0,7779.0,17374.0
52.0,1582034352,0,25.0,5139.42222222,5786.0,83.65,0.193473769,0.485403195,0.000846561015385,2270.0,7779.0,17374.0
52.0,1582034353,0,25.0,5301.46666667,5968.6,86.09,0.193473769,0.49558325,0.000846561015385,2270.0,7779.0,17374.0
52.0,1582034354,0,25.0,5301.46666667,5968.6,86.09,0.193473769,0.49558325,0.000846561015385,2270.0,7779.0,17374.0
52.0,1582034355,0,25.0,5301.46666667,5968.6,86.09,0.193473769,0.49558325,0.000846561015385,2270.0,7779.0,17379.0
52.0,1582034366,0,25.0,5301.46666667,5968.6,86.09,0.203130806,0.501675659,0.000846561015385,2270.0,7779.0,17379.0
52.0,1582034367,0,25.0,5462.6,6149.8,88.56,0.203130806,0.501675659,0.000846561015385,2270.0,7779.0,17379.0
65.0,1582034368,0,25.0,5462.6,6149.8,88.56,0.203130806,0.501675659,0.000846561015385,2270.0,7779.0,17379.0
65.0,1582034369,0,25.0,5462.6,6149.8,88.56,0.203130806,0.501675659,0.000846561015385,2273.0,7782.0,17379.0
65.0,1582034381,0,25.0,5462.6,6149.8,88.56,0.232637922,0.501675659,0.000846561015385,2273.0,7782.0,17379.0
65.0,1582034382,0,25.0,5628.51111111,6336.6,91.24,0.232637922,0.508476548,0.000846561015385,2273.0,7782.0,17379.0
74.0,1582034383,0,25.0,5628.51111111,6336.6,91.24,0.232637922,0.508476548,0.000846561015385,2273.0,7782.0,17379.0
74.0,1582034384,0,25.0,5628.51111111,6336.6,91.24,0.232637922,0.508476548,0.000846561015385,2277.0,7789.0,17379.0
74.0,1582034385,0,25.0,5628.51111111,6336.6,91.24,0.232637922,0.508476548,0.000846561015385,2277.0,7789.0,17450.0
74.0,1582034392,0,25.0,5628.51111111,6336.6,91.24,0.211356216,0.512678628,0.000846561015385,2277.0,7789.0,17450.0
74.0,1582034393,0,25.0,5795.6,6525.0,94.03,0.211356216,0.512678628,0.000846561015385,2277.0,7789.0,17450.0
53.0,1582034394,0,25.0,5795.6,6525.0,94.03,0.211356216,0.512678628,0.000846561015385,2277.0,7789.0,17450.0
53.0,1582034395,0,25.0,5795.6,6525.0,94.03,0.211356216,0.512678628,0.000846561015385,2278.0,7790.0,17486.0
53.0,1582034397,0,25.0,5795.6,6525.0,95.43,0.221209903,0.513136156,0.000846561015385,2278.0,7790.0,17486.0
81.0,1582034398,0,25.0,5879.95555556,6620.0,95.43,0.221209903,0.513136156,0.000846561015385,2278.0,7790.0,17486.0
81.0,1582034400,0,25.0,5879.95555556,6620.0,95.43,0.221209903,0.513136156,0.000846561015385,2278.0,7790.0,17503.0
81.0,1582034412,0,25.0,5879.95555556,6620.0,95.43,0.215341356,0.54834527,0.000846561015385,2278.0,7790.0,17503.0
81.0,1582034413,0,25.0,6045.15555556,6806.0,98.45,0.215341356,0.54834527,0.00451590767692,2278.0,7790.0,17503.0
138.0,1582034414,0,25.0,6045.15555556,6806.0,98.45,0.215341356,0.54834527,0.00451590767692,2278.0,7790.0,17503.0
138.0,1582034415,0,25.0,6045.15555556,6806.0,98.45,0.215341356,0.54834527,0.00451590767692,2278.0,7805.0,17503.0
138.0,1582034416,0,25.0,6045.15555556,6806.0,98.45,0.215341356,0.54834527,0.00451590767692,2278.0,7805.0,17506.0
138.0,1582034428,0,25.0,6045.15555556,6806.0,101.42,0.218488883,0.566104075,0.00451590767692,2278.0,7805.0,17506.0
138.0,1582034429,0,25.0,6209.11111111,6990.4,101.42,0.218488883,0.566104075,0.00451590767692,2278.0,7805.0,17506.0
53.5,1582034430,0,25.0,6209.11111111,6990.4,101.42,0.218488883,0.566104075,0.00451590767692,2278.0,7805.0,17506.0
53.5,1582034431,0,25.0,6209.11111111,6990.4,101.42,0.218488883,0.566104075,0.00451590767692,2278.0,7805.0,17513.0
53.5,1582034432,0,25.0,6300.57777778,7093.6,103.03,0.200697569,0.57321623,0.00451590767692,2278.0,7805.0,17513.0
123.0,1582034433,0,25.0,6300.57777778,7093.6,103.03,0.200697569,0.57321623,0.00451590767692,2278.0,7805.0,17513.0
123.0,1582034434,0,25.0,6300.57777778,7093.6,103.03,0.200697569,0.57321623,0.00451590767692,2278.0,7805.0,17513.0
123.0,1582034435,0,25.0,6300.57777778,7093.6,103.03,0.200697569,0.57321623,0.00451590767692,2278.0,7805.0,17523.0
123.0,1582034445,0,25.0,6300.57777778,7093.6,103.03,0.20835845,0.57321623,0.00451590767692,2278.0,7805.0,17523.0
123.0,1582034446,0,25.0,6373.8,7176.0,104.31,0.20835845,0.589076648,0.00451590767692,2278.0,7805.0,17523.0
59.0,1582034447,0,25.0,6373.8,7176.0,104.31,0.20835845,0.589076648,0.00451590767692,2278.0,7805.0,17523.0
59.0,1582034448,0,25.0,6373.8,7176.0,104.31,0.20835845,0.589076648,0.00451590767692,2278.0,7807.0,17523.0
59.0,1582034449,0,25.0,6373.8,7176.0,104.31,0.20835845,0.589076648,0.00451590767692,2278.0,7807.0,17525.0
59.0,1582034460,0,25.0,6373.8,7176.0,104.31,0.215158631,0.589076648,0.00451590767692,2278.0,7807.0,17525.0
59.0,1582034461,0,25.0,6582.44444444,7410.8,107.65,0.215158631,0.61900241,0.00451590767692,2278.0,7807.0,17525.0
92.0,1582034462,0,25.0,6582.44444444,7410.8,107.65,0.215158631,0.61900241,0.00451590767692,2278.0,7807.0,17525.0
92.0,1582034463,0,25.0,6582.44444444,7410.8,107.65,0.215158631,0.61900241,0.00451590767692,2278.0,7807.0,17550.0
92.0,1582034467,0,25.0,6707.48888889,7551.4,108.87,0.21893481,0.620972229,0.00451590767692,2278.0,7807.0,17550.0
80.5,1582034468,0,25.0,6707.48888889,7551.4,108.87,0.21893481,0.620972229,0.00451590767692,2278.0,7807.0,17550.0
80.5,1582034469,0,25.0,6707.48888889,7551.4,108.87,0.21893481,0.620972229,0.00451590767692,2278.0,7807.0,17550.0
80.5,1582034475,0,25.0,6777.13333333,7629.8,110.91,0.211272311,0.635971474,0.00451590767692,2278.0,7807.0,17550.0
53.0,1582034476,0,25.0,6777.13333333,7629.8,110.91,0.211272311,0.635971474,0.00451590767692,2278.0,7807.0,17550.0
53.0,1582034477,0,25.0,6777.13333333,7629.8,110.91,0.211272311,0.635971474,0.00451590767692,2278.0,7807.0,17550.0
53.0,1582034478,0,25.0,6777.13333333,7629.8,110.91,0.211272311,0.635971474,0.00451590767692,2278.0,7807.0,17555.0
53.0,1582034497,0,25.0,6777.13333333,7629.8,110.91,0.210651015,0.657182493,0.00451590767692,2278.0,7807.0,17555.0
53.0,1582034498,0,25.0,6940.68888889,7814.0,113.63,0.210651015,0.657182493,0.00451590767692,2278.0,7807.0,17555.0
75.0,1582034499,0,25.0,6940.68888889,7814.0,113.63,0.210651015,0.657182493,0.00451590767692,2278.0,7807.0,17555.0
75.0,1582034500,0,25.0,6940.68888889,7814.0,113.63,0.263618262,0.65865452,0.00451590767692,2278.0,7810.0,17612.0
75.0,1582034501,0,25.0,6940.68888889,7814.0,113.63,0.263618262,0.65865452,0.00451590767692,2278.0,7810.0,17612.0
75.0,1582034502,0,25.0,6940.68888889,7814.0,113.63,0.263618262,0.65865452,0.00451590767692,2278.0,7810.0,17612.0
75.0,1582034503,0,25.0,6940.68888889,7814.0,113.63,0.263618262,0.65865452,0.00451590767692,2278.0,7810.0,17612.0
75.0,1582034522,0,25.0,7119.77777778,8015.8,116.32,0.192328719,0.674116699,0.00451590767692,2278.0,7810.0,17612.0
71.5,1582034523,0,25.0,7119.77777778,8015.8,116.32,0.192328719,0.674116699,0.00451590767692,2278.0,7810.0,17612.0
71.5,1582034525,0,25.0,7119.77777778,8015.8,116.32,0.192328719,0.674116699,0.00451590767692,2279.0,7811.0,17616.0
71.5,1582034543,0,25.0,7276.02222222,8191.8,119.44,0.193947016,0.693311163,0.00451590767692,2279.0,7811.0,17616.0
53.5,1582034544,0,25.0,7276.02222222,8191.8,119.44,0.193947016,0.693311163,0.00451590767692,2279.0,7811.0,17616.0
0,1582034545,0,0,0,0,0,0,0,0,0,7811.0,0
0.0,1582034546,0,0.0,0.0,0.0,0.0,0.0,0.0,0.0,2279.0,7811.0,17653.0
0.0,1582034565,0,25.0,7446.2,8383.4,122.21,0.209436357,0.697640445,0.0,2279.0,7811.0,17653.0
53.5,1582034566,0,25.0,7446.2,8383.4,122.21,0.209436357,0.697640445,0.00451590767692,2279.0,7811.0,17653.0
53.5,1582034567,0,25.0,7446.2,8383.4,122.21,0.209436357,0.697640445,0.00451590767692,2279.0,7813.0,17653.0
53.5,1582034568,0,25.0,7446.2,8383.4,122.21,0.209436357,0.697640445,0.00451590767692,2279.0,7813.0,17675.0
53.5,1582034585,0,25.0,7446.2,8383.4,122.21,0.232735331,0.697640445,0.00451590767692,2279.0,7813.0,17675.0
53.5,1582034586,0,25.0,7609.55555556,8567.2,124.97,0.232735331,0.701195693,0.00451590767692,2279.0,7813.0,17675.0
110.5,1582034587,0,25.0,7609.55555556,8567.2,124.97,0.232735331,0.701195693,0.00451590767692,2279.0,7813.0,17675.0
110.5,1582034588,0,25.0,7609.55555556,8567.2,124.97,0.232735331,0.701195693,0.00451590767692,2279.0,7813.0,17675.0
110.5,1582034589,0,25.0,7609.55555556,8567.2,124.97,0.232735331,0.701195693,0.00451590767692,2279.0,7813.0,17679.0
110.5,1582034607,0,25.0,7609.55555556,8567.2,124.97,0.200469901,0.701195693,0.00451590767692,2279.0,7813.0,17679.0
110.5,1582034608,0,25.0,7776.91111111,8756.0,127.88,0.200469901,0.742933979,0.00451590767692,2279.0,7813.0,17679.0
52.5,1582034609,0,25.0,7776.91111111,8756.0,127.88,0.200469901,0.742933979,0.00451590767692,2279.0,7813.0,17679.0
52.5,1582034610,0,25.0,7776.91111111,8756.0,127.88,0.200469901,0.742933979,0.00451590767692,2279.0,7813.0,17679.0
52.5,1582034611,0,25.0,7776.91111111,8756.0,127.88,0.200469901,0.742933979,0.00451590767692,2279.0,7813.0,17679.0
52.5,1582034628,0,25.0,7776.91111111,8756.0,127.88,0.198737536,0.757685401,0.00451590767692,2279.0,7813.0,17679.0
52.5,1582034629,0,25.0,7945.88888889,8946.0,130.87,0.198737536,0.757685401,0.00451590767692,2279.0,7813.0,17679.0
64.0,1582034630,0,25.0,7945.88888889,8946.0,130.87,0.198737536,0.757685401,0.00451590767692,2279.0,7813.0,17679.0
64.0,1582034631,0,25.0,7945.88888889,8946.0,130.87,0.198737536,0.757685401,0.00451590767692,2279.0,7813.0,17679.0
64.0,1582034632,0,25.0,7945.88888889,8946.0,130.87,0.198737536,0.757685401,0.00451590767692,2279.0,7813.0,17679.0
64.0,1582034652,0,25.0,7945.88888889,8946.0,134.22,0.204200211,0.77376429,0.00451590767692,2279.0,7813.0,17679.0
64.0,1582034653,0,25.0,8123.44444444,9146.2,134.22,0.204200211,0.77376429,0.00825734669231,2279.0,7813.0,17679.0
95.0,1582034654,0,25.0,8123.44444444,9146.2,134.22,0.204200211,0.77376429,0.00825734669231,2279.0,7813.0,17679.0
95.0,1582034655,0,25.0,8123.44444444,9146.2,134.22,0.204200211,0.77376429,0.00825734669231,2279.0,7815.0,17686.0
95.0,1582034672,0,25.0,8123.44444444,9146.2,134.22,0.203812841,0.791125563,0.00825734669231,2279.0,7815.0,17686.0
95.0,1582034673,0,25.0,8287.93333333,9331.6,137.14,0.203812841,0.791125563,0.00825734669231,2279.0,7815.0,17686.0
67.0,1582034674,0,25.0,8287.93333333,9331.6,137.14,0.203812841,0.791125563,0.00825734669231,2279.0,7815.0,17686.0
67.0,1582034675,0,25.0,8287.93333333,9331.6,137.14,0.203812841,0.791125563,0.00825734669231,2279.0,7815.0,17705.0
67.0,1582034696,0,25.0,8449.17777778,9512.8,139.89,0.209215136,0.797755142,0.00825734669231,2279.0,7815.0,17705.0
124.5,1582034697,0,25.0,8449.17777778,9512.8,139.89,0.209215136,0.797755142,0.00825734669231,2279.0,7815.0,17705.0
124.5,1582034698,0,25.0,8449.17777778,9512.8,139.89,0.209215136,0.797755142,0.00825734669231,2279.0,7815.0,17705.0
124.5,1582034699,0,25.0,8449.17777778,9512.8,139.89,0.209215136,0.797755142,0.00825734669231,2279.0,7815.0,17706.0
124.5,1582034721,0,25.0,8618.75555556,9703.6,142.76,0.208415443,0.808177045,0.00825734669231,2279.0,7815.0,17706.0
124.5,1582034722,0,25.0,8618.75555556,9703.6,142.76,0.208415443,0.808177045,0.00465690421538,2279.0,7815.0,17706.0
52.5,1582034723,0,25.0,8618.75555556,9703.6,142.76,0.208415443,0.808177045,0.00465690421538,2279.0,7815.0,17706.0
52.5,1582034724,0,25.0,8618.75555556,9703.6,142.76,0.208415443,0.808177045,0.00465690421538,2279.0,7817.0,17720.0
52.5,1582034740,0,25.0,8789.51111111,9896.0,145.71,0.197706141,0.819099462,0.00465690421538,2279.0,7817.0,17720.0
52.5,1582034741,0,25.0,8789.51111111,9896.0,145.71,0.197706141,0.819099462,0.00465690421538,2279.0,7817.0,17720.0
65.5,1582034742,0,25.0,8789.51111111,9896.0,145.71,0.197706141,0.819099462,0.00465690421538,2279.0,7817.0,17720.0
65.5,1582034743,0,25.0,8789.51111111,9896.0,145.71,0.197706141,0.819099462,0.00465690421538,2280.0,7818.0,17722.0
65.5,1582034765,0,25.0,8962.73333333,10091.2,148.75,0.205635681,0.830274995,0.00465690421538,2280.0,7818.0,17722.0
54.0,1582034766,0,25.0,8962.73333333,10091.2,148.75,0.205635681,0.830274995,0.00465690421538,2280.0,7818.0,17722.0
54.0,1582034767,0,25.0,8962.73333333,10091.2,148.75,0.205635681,0.830274995,0.00465690421538,2282.0,7821.0,17722.0
54.0,1582034768,0,25.0,8962.73333333,10091.2,148.75,0.205635681,0.830274995,0.00465690421538,2282.0,7821.0,17725.0
54.0,1582034783,0,25.0,8962.73333333,10091.2,148.75,0.207597527,0.836891962,0.00465690421538,2282.0,7821.0,17725.0
54.0,1582034784,0,25.0,9133.46666667,10283.6,151.44,0.207597527,0.836891962,0.00465690421538,2282.0,7821.0,17725.0
60.5,1582034785,0,25.0,9133.46666667,10283.6,151.44,0.207597527,0.836891962,0.00465690421538,2282.0,7821.0,17725.0
60.5,1582034786,0,25.0,9133.46666667,10283.6,151.44,0.207597527,0.836891962,0.00465690421538,2283.0,7822.0,17725.0
60.5,1582034807,0,25.0,9133.46666667,10283.6,151.44,0.194399384,0.836891962,0.00465690421538,2283.0,7822.0,17725.0
60.5,1582034808,0,25.0,9308.71111111,10481.2,154.54,0.194399384,0.842689853,0.00465690421538,2283.0,7822.0,17725.0
157.5,1582034809,1,25.0,9308.71111111,10481.2,154.54,0.194399384,0.842689853,0.00465690421538,2283.0,7822.0,17725.0
157.5,1582034810,1,25.0,9308.71111111,10481.2,154.54,0.194399384,0.842689853,0.00465690421538,2283.0,7824.0,17725.0
157.5,1582034811,1,25.0,9308.71111111,10481.2,154.54,0.194399384,0.842689853,0.00465690421538,2283.0,7824.0,17732.0
157.5,1582034827,1,25.0,9308.71111111,10481.2,154.54,0.198788301,0.858313393,0.00465690421538,2283.0,7824.0,17732.0
123.0,1582034828,0,25.0,9481.75555556,10676.0,154.54,0.198788301,0.858313393,0.00465690421538,2283.0,7824.0,17732.0
123.0,1582034829,0,25.0,9481.75555556,10676.0,154.54,0.198788301,0.858313393,0.00465690421538,2284.0,7824.0,17732.0
123.0,1582034830,0,25.0,9481.75555556,10676.0,154.54,0.198788301,0.858313393,0.00465690421538,2284.0,7824.0,17749.0
123.0,1582034851,0,25.0,9481.75555556,10676.0,154.54,0.20501364,0.890951644,0.00465690421538,2284.0,7824.0,17749.0
123.0,1582034852,0,25.0,9666.48888889,10863.8,160.29,0.20501364,0.890951644,0.00465690421538,2284.0,7824.0,17749.0
182.0,1582034853,1,25.0,9666.48888889,10884.2,160.68,0.20501364,0.890951644,0.00465690421538,2284.0,7824.0,17749.0
182.0,1582034854,1,25.0,9666.48888889,10884.2,160.68,0.20501364,0.890951644,0.00465690421538,2287.0,7843.0,17751.0
182.0,1582034855,1,25.0,9666.48888889,10884.2,160.68,0.20501364,0.890951644,0.00465690421538,2287.0,7843.0,17751.0
182.0,1582034856,1,25.0,9666.48888889,10884.2,160.68,0.20501364,0.890951644,0.00465690421538,2287.0,7843.0,17751.0
182.0,1582034876,1,25.0,9666.48888889,10884.2,160.68,0.195866601,0.925966474,0.00465690421538,2287.0,7843.0,17751.0
182.0,1582034877,1,25.0,9821.6,11058.8,163.21,0.195866601,0.925966474,0.00465690421538,2287.0,7843.0,17751.0
188.0,1582034878,1,25.0,9821.6,11058.8,163.21,0.195866601,0.925966474,0.00465690421538,2287.0,7843.0,17751.0
188.0,1582034879,1,25.0,9821.6,11058.8,163.21,0.195866601,0.925966474,0.00465690421538,2288.0,7844.0,17751.0
188.0,1582034880,1,25.0,9821.6,11058.8,163.21,0.195866601,0.925966474,0.00465690421538,2288.0,7844.0,17751.0
188.0,1582034896,1,25.0,9821.6,11058.8,163.21,0.193421269,0.936534575,0.00465690421538,2288.0,7844.0,17751.0
188.0,1582034897,1,25.0,9992.42222222,11251.4,166.07,0.193421269,0.936534575,0.00465690421538,2288.0,7844.0,17751.0
118.5,1582034898,0,25.0,9992.42222222,11251.4,166.07,0.193421269,0.936534575,0.00465690421538,2288.0,7844.0,17751.0
118.5,1582034899,0,25.0,9992.42222222,11251.4,166.07,0.193421269,0.936534575,0.00465690421538,2289.0,7845.0,17751.0
118.5,1582034920,0,25.0,9992.42222222,11251.4,169.15,0.241204494,0.967814296,0.00465690421538,2289.0,7845.0,17751.0
118.5,1582034921,0,25.0,10165.4666667,11446.4,169.15,0.241204494,0.967814296,0.00465690421538,2289.0,7845.0,17751.0
151.0,1582034922,1,25.0,10165.4666667,11446.4,169.15,0.241204494,0.967814296,0.00465690421538,2289.0,7845.0,17751.0
151.0,1582034923,1,25.0,10165.4666667,11446.4,169.15,0.241204494,0.967814296,0.00465690421538,2293.0,7892.0,17799.0
151.0,1582034938,1,25.0,10165.4666667,11446.4,169.15,0.202238625,0.980633629,0.00465690421538,2293.0,7892.0,17799.0
151.0,1582034939,1,25.0,10336.2666667,11639.0,171.81,0.202238625,0.980633629,0.00465690421538,2293.0,7892.0,17799.0
55.5,1582034940,0,25.0,10336.2666667,11639.0,171.81,0.202238625,0.980633629,0.00465690421538,2293.0,7892.0,17799.0
55.5,1582034941,0,25.0,10336.2666667,11639.0,171.81,0.202238625,0.980633629,0.00465690421538,2295.0,7894.0,17812.0
55.5,1582034955,0,25.0,10336.2666667,11639.0,174.65,0.226771698,0.990149962,0.00465690421538,2295.0,7894.0,17812.0
55.5,1582034956,0,25.0,10504.7777778,11828.8,174.65,0.226771698,0.990149962,0.00465690421538,2295.0,7894.0,17812.0
91.0,1582034957,0,25.0,10467.3333333,11828.8,174.65,0.226771698,0.990149962,0.00465690421538,2295.0,7894.0,17812.0
91.0,1582034958,0,25.0,10467.3333333,11828.8,174.65,0.226771698,0.990149962,0.00465690421538,2298.0,7900.0,17813.0
91.0,1582034959,0,25.0,10467.3333333,11828.8,174.65,0.226771698,0.990149962,0.00465690421538,2298.0,7900.0,17813.0
91.0,1582034970,0,25.0,10673.5333333,12018.8,177.37,0.207335921,1.003046361,0.00465690421538,2298.0,7900.0,17813.0
91.0,1582034971,0,25.0,10673.5333333,12018.8,177.37,0.207335921,1.003046361,0.00465690421538,2298.0,7900.0,17813.0
126.0,1582034972,0,25.0,10673.5333333,12018.8,177.37,0.207335921,1.003046361,0.00465690421538,2298.0,7900.0,17813.0
126.0,1582034973,0,25.0,10673.5333333,12018.8,177.37,0.207335921,1.003046361,0.00465690421538,2301.0,7907.0,17824.0
126.0,1582034985,0,25.0,10673.5333333,12018.8,177.37,0.217614867,1.021385093,0.00465690421538,2301.0,7907.0,17824.0
126.0,1582034986,0,25.0,10841.8888889,12208.6,180.15,0.217614867,1.021385093,0.00465690421538,2301.0,7907.0,17824.0
79.5,1582034987,0,25.0,10841.8888889,12208.6,180.15,0.217614867,1.021385093,0.00465690421538,2301.0,7907.0,17824.0
79.5,1582034988,0,25.0,10841.8888889,12208.6,180.15,0.217614867,1.021385093,0.00465690421538,2302.0,7910.0,17834.0
79.5,1582034994,0,25.0,10841.8888889,12208.6,180.15,0.195605909,1.026315436,0.00465690421538,2302.0,7910.0,17834.0
79.5,1582034995,0,25.0,11006.0444444,12393.4,182.72,0.195605909,1.026315436,0.00465690421538,2302.0,7910.0,17834.0
61.0,1582034996,0,25.0,11006.0444444,12393.4,182.72,0.195605909,1.026315436,0.00465690421538,2302.0,7910.0,17834.0
61.0,1582034997,0,25.0,11006.0444444,12393.4,182.72,0.195605909,1.026315436,0.00465690421538,2302.0,7910.0,17836.0
61.0,1582035009,0,25.0,11174.7111111,12583.4,185.47,0.235662721,1.031847935,0.00465690421538,2302.0,7910.0,17836.0
55.5,1582035010,0,25.0,11174.7111111,12583.4,185.47,0.235662721,1.031847935,0.00465690421538,2302.0,7910.0,17836.0
0,1582035011,0,0,0,0,0,0.217375419,1.046540642,0,2302.0,7910.0,0
0.0,1582035012,0,25.0,11174.7111111,12583.4,185.47,0.217375419,1.046540642,0.00258341753846,2302.0,7910.0,17836.0
93.5,1582035013,0,25.0,11174.7111111,12583.4,185.47,0.217375419,1.046540642,0.00258341753846,2302.0,7910.0,17836.0
93.5,1582035014,0,25.0,11174.7111111,12583.4,185.47,0.217375419,1.046540642,0.00258341753846,2302.0,7910.0,17836.0
93.5,1582035025,0,25.0,11174.7111111,12583.4,185.47,0.234484207,1.066240336,0.00258341753846,2302.0,7910.0,17836.0
93.5,1582035026,0,25.0,11343.2222222,12773.2,188.2,0.234484207,1.066240336,0.00258341753846,2302.0,7910.0,17836.0
93.0,1582035027,0,25.0,11343.2222222,12773.2,188.2,0.234484207,1.066240336,0.00258341753846,2302.0,7910.0,17836.0
93.0,1582035028,0,25.0,11343.2222222,12773.2,188.2,0.234484207,1.066240336,0.00258341753846,2303.0,7912.0,17838.0
93.0,1582035036,0,25.0,11343.2222222,12773.2,188.2,0.19145686,1.066240336,0.00258341753846,2303.0,7912.0,17838.0
93.0,1582035037,0,25.0,11523.6666667,12976.6,190.66,0.19145686,1.078888052,0.00258341753846,2303.0,7912.0,17838.0
104.5,1582035038,0,25.0,11523.6666667,12976.6,190.66,0.19145686,1.078888052,0.00258341753846,2303.0,7912.0,17838.0
104.5,1582035039,0,25.0,11523.6666667,12976.6,190.66,0.19145686,1.078888052,0.00258341753846,2303.0,7912.0,17852.0
104.5,1582035051,0,25.0,11523.6666667,12976.6,190.66,0.224960971,1.078888052,0.00258341753846,2303.0,7912.0,17852.0
104.5,1582035052,0,25.0,11708.3555556,13184.8,194.19,0.224960971,1.084049426,0.00258341753846,2303.0,7912.0,17852.0
60.0,1582035053,0,25.0,11708.3555556,13184.8,194.19,0.224960971,1.084049426,0.00258341753846,2303.0,7912.0,17852.0
0,1582035054,0,0,0,0,0,0,0,0,2303.0,7912.0,17853.0
0.0,1582035066,0,25.0,11844.2444444,13337.8,196.29,0.202782073,1.095548927,0.0,2303.0,7912.0,17853.0
69.5,1582035067,0,25.0,11844.2444444,13337.8,196.29,0.202782073,1.095548927,0.00258341753846,2303.0,7912.0,17853.0
60.0,1582035068,0,25.0,11708.3555556,13184.8,194.19,0.224960971,1.084049426,0.00258341753846,2303.0,7912.0,17853.0
60.0,1582035074,0,25.0,11708.3555556,13184.8,194.19,0.208076475,1.099170522,0.00258341753846,2303.0,7912.0,17853.0
60.0,1582035075,0,25.0,12008.5777778,13522.6,198.82,0.208076475,1.099170522,0.00258341753846,2303.0,7912.0,17853.0
54.5,1582035076,0,25.0,12008.5777778,13522.6,198.82,0.208076475,1.099170522,0.00258341753846,2303.0,7912.0,17853.0
54.5,1582035077,0,25.0,12008.5777778,13522.6,198.82,0.208076475,1.099170522,0.00258341753846,2303.0,7912.0,17853.0
54.5,1582035078,0,25.0,12008.5777778,13522.6,198.82,0.208076475,1.099170522,0.00258341753846,2303.0,7912.0,17853.0
54.5,1582035090,0,25.0,12177.1111111,13712.6,201.83,0.207429661,1.106503219,0.00258341753846,2303.0,7912.0,17853.0
53.0,1582035091,0,25.0,12177.1111111,13712.6,201.83,0.207429661,1.106503219,0.00258341753846,2303.0,7912.0,17853.0
53.0,1582035092,0,25.0,12243.8222222,13787.8,202.94,0.213252923,1.106503219,0.00258341753846,2304.0,7914.0,17853.0
91.5,1582035093,0,25.0,12243.8222222,13787.8,202.94,0.213252923,1.106503219,0.00258341753846,2304.0,7914.0,17854.0
91.5,1582035094,0,25.0,12243.8222222,13787.8,202.94,0.213252923,1.106503219,0.00258341753846,2304.0,7914.0,17854.0
91.5,1582035095,0,25.0,12243.8222222,13787.8,202.94,0.213252923,1.106503219,0.00258341753846,2304.0,7914.0,17854.0
91.5,1582035106,0,25.0,12243.8222222,13787.8,204.65,0.216693494,1.118034611,0.00258341753846,2304.0,7914.0,17854.0
91.5,1582035107,0,25.0,12345.5777778,13902.4,204.65,0.216693494,1.118034611,0.00258341753846,2304.0,7914.0,17854.0
64.5,1582035108,0,25.0,11844.2444444,13337.8,196.29,0.202782073,1.095548927,0.00258341753846,2303.0,7912.0,17853.0
64.5,1582035109,0,25.0,11844.2444444,13337.8,196.29,0.202782073,1.095548927,0.00258341753846,2304.0,7916.0,17863.0
64.5,1582035117,0,25.0,11844.2444444,13337.8,196.29,0.220392891,1.119217134,0.00258341753846,2304.0,7916.0,17863.0
64.5,1582035118,0,25.0,12514.1111111,14092.4,207.41,0.220392891,1.119217134,0.00258341753846,2304.0,7916.0,17863.0
52.0,1582035119,0,25.0,12514.1111111,14092.4,207.41,0.220392891,1.119217134,0.00258341753846,2304.0,7916.0,17863.0
52.0,1582035120,0,25.0,12514.1111111,14092.4,207.41,0.220392891,1.119217134,0.00258341753846,2304.0,7916.0,17863.0
52.0,1582035132,0,25.0,12514.1111111,14092.4,207.41,0.212484981,1.128318961,0.00258341753846,2304.0,7916.0,17863.0
52.0,1582035133,0,25.0,12683.7777778,14283.6,210.23,0.212484981,1.128318961,0.00258341753846,2304.0,7916.0,17863.0
59.0,1582035134,0,25.0,12683.7777778,14283.6,210.23,0.212484981,1.128318961,0.00258341753846,2304.0,7916.0,17863.0
59.0,1582035135,0,25.0,12683.7777778,14283.6,210.23,0.212484981,1.128318961,0.00258341753846,2304.0,7916.0,17863.0
59.0,1582035147,0,25.0,12936.7111111,14568.2,214.28,0.192915473,1.14322422,0.00258341753846,2304.0,7916.0,17863.0
59.0,1582035148,0,25.0,12936.7111111,14568.2,214.28,0.192915473,1.14322422,0.00258341753846,2304.0,7916.0,17863.0
59.0,1582035149,0,25.0,12936.7111111,14568.2,214.28,0.192915473,1.14322422,0.00258341753846,2304.0,7916.0,17863.0
59.0,1582035150,0,25.0,12936.7111111,14568.2,214.28,0.192915473,1.14322422,0.00258341753846,2304.0,7916.0,17864.0
59.0,1582035155,0,25.0,12936.7111111,14568.2,215.5,0.213727473,1.150171448,0.00258341753846,2304.0,7916.0,17864.0
68.5,1582035156,0,25.0,13010.9333333,14651.8,215.5,0.213727473,1.150171448,0.00258341753846,2304.0,7916.0,17864.0
68.5,1582035158,0,25.0,13010.9333333,14651.8,215.5,0.213727473,1.150171448,0.00258341753846,2304.0,7916.0,17864.0
68.5,1582035163,0,25.0,13010.9333333,14651.8,215.5,0.268980306,1.155607214,0.00258341753846,2304.0,7916.0,17864.0
68.5,1582035164,0,25.0,13048.8222222,14749.4,217.12,0.268980306,1.155607214,0.00258341753846,2304.0,7916.0,17864.0
59.0,1582035165,0,25.0,13048.8222222,14749.4,217.12,0.268980306,1.155607214,0.00258341753846,2304.0,7916.0,17864.0
59.0,1582035166,0,25.0,13048.8222222,14749.4,217.12,0.268980306,1.155607214,0.00258341753846,2304.0,7916.0,17864.0
59.0,1582035167,0,25.0,13048.8222222,14749.4,217.12,0.268980306,1.155607214,0.00258341753846,2304.0,7916.0,17864.0
59.0,1582035179,0,25.0,13048.8222222,14749.4,220.12,0.207653148,1.172422318,0.00258341753846,2304.0,7916.0,17864.0
59.0,1582035180,0,25.0,13265.9111111,14939.2,220.12,0.207653148,1.172422318,0.00258341753846,2304.0,7916.0,17864.0
121.0,1582035181,0,25.0,13265.9111111,14939.2,220.12,0.207653148,1.172422318,0.00258341753846,2304.0,7916.0,17864.0
121.0,1582035182,0,25.0,13265.9111111,14939.2,220.12,0.207653148,1.172422318,0.00258341753846,2304.0,7918.0,17874.0
121.0,1582035196,0,25.0,13265.9111111,14939.2,223.05,0.205067543,1.196164591,0.00258341753846,2304.0,7918.0,17874.0
121.0,1582035205,0,25.0,13265.9111111,14939.2,224.76,0.23594721,1.200299623,0.00258341753846,2304.0,7918.0,17874.0
121.0,1582035212,0,25.0,13265.9111111,14939.2,227.54,0.210894351,1.202166133,0.00258341753846,2304.0,7918.0,17874.0
121.0,1582035219,0,25.0,13265.9111111,14939.2,227.82,0.214213126,1.204273333,0.00258341753846,2304.0,7918.0,17874.0
121.0,1582035226,0,25.0,13265.9111111,14939.2,229.16,0.198260741,1.20898135,0.00258341753846,2304.0,7918.0,17874.0
121.0,1582035230,0,25.0,13265.9111111,14939.2,230.67,0.199389118,1.210212724,0.00258341753846,2304.0,7918.0,17874.0
77.0,1582035231,0,25.0,13888.5777778,15640.8,230.67,0.199389118,1.210212724,0.00258341753846,2304.0,7918.0,17874.0
77.0,1582035232,0,25.0,13949.4222222,15709.8,231.79,0.199389118,1.210212724,0.00258341753846,2305.0,7920.0,17874.0
77.0,1582035233,0,25.0,13949.4222222,15709.8,231.79,0.199389118,1.210212724,0.00258341753846,2305.0,7920.0,17904.0
77.0,1582035234,0,25.0,13949.4222222,15709.8,231.79,0.199389118,1.210212724,0.00258341753846,2305.0,7920.0,17904.0
77.0,1582035235,0,25.0,13949.4222222,15709.8,231.79,0.199389118,1.210212724,0.00258341753846,2305.0,7920.0,17904.0
77.0,1582035246,0,25.0,14058.9555556,15833.2,233.54,0.203771871,1.223492172,0.00258341753846,2305.0,7920.0,17904.0
107.0,1582035247,0,25.0,14058.9555556,15833.2,233.54,0.203771871,1.223492172,0.00258341753846,2305.0,7920.0,17904.0
107.0,1582035248,0,25.0,14058.9555556,15833.2,233.54,0.203771871,1.223492172,0.00258341753846,2305.0,7922.0,17904.0
107.0,1582035249,0,25.0,14058.9555556,15833.2,233.54,0.203771871,1.223492172,0.00258341753846,2305.0,7922.0,17985.0
107.0,1582035261,0,25.0,14058.9555556,13902.4,204.65,0.214751533,1.243226452,0.00258341753846,2304.0,7914.0,17854.0
107.0,1582035262,0,25.0,14225.3333333,16020.6,236.35,0.214751533,1.243226452,0.00360411007692,2304.0,7914.0,17854.0
55.0,1582035263,0,25.0,14225.3333333,16020.6,236.35,0.214751533,1.243226452,0.00360411007692,2304.0,7914.0,17854.0
55.0,1582035264,0,25.0,14225.3333333,16020.6,236.35,0.214751533,1.243226452,0.00360411007692,2305.0,7922.0,18038.0
55.0,1582035269,0,25.0,14225.3333333,16020.6,236.35,0.20575276,1.244932353,0.00360411007692,2305.0,7922.0,18038.0
55.0,1582035270,0,25.0,14389.4666667,16205.4,239.01,0.20575276,1.244932353,0.00360411007692,2305.0,7922.0,18038.0
52.0,1582035271,0,25.0,14389.4666667,16205.4,239.01,0.20575276,1.244932353,0.00360411007692,2305.0,7922.0,18038.0
52.0,1582035272,0,25.0,14389.4666667,16205.4,239.01,0.20575276,1.244932353,0.00360411007692,2305.0,7922.0,18049.0
52.0,1582035277,0,25.0,14489.3111111,16318.2,240.22,0.195539526,1.248410244,0.00360411007692,2305.0,7922.0,18049.0
84.0,1582035278,0,25.0,14489.3111111,16318.2,240.22,0.195539526,1.248410244,0.00360411007692,2305.0,7922.0,18049.0
84.0,1582035279,0,25.0,14489.3111111,16318.2,240.22,0.195539526,1.248410244,0.00360411007692,2305.0,7922.0,18050.0
84.0,1582035291,0,25.0,14489.3111111,16318.2,240.22,0.197578415,1.25591268,0.00360411007692,2305.0,7922.0,18050.0
84.0,1582035292,0,25.0,14634.7555556,16482.0,243.1,0.197578415,1.25591268,0.00360411007692,2305.0,7922.0,18050.0
99.5,1582035293,0,25.0,14634.7555556,16482.0,243.1,0.197578415,1.25591268,0.00360411007692,2305.0,7922.0,18050.0
99.5,1582035294,0,25.0,14634.7555556,16482.0,243.1,0.197578415,1.25591268,0.00360411007692,2305.0,7922.0,18050.0
99.5,1582035295,0,25.0,14634.7555556,16482.0,243.1,0.197578415,1.25591268,0.00360411007692,2305.0,7922.0,18050.0
99.5,1582035308,0,25.0,14811.4444444,16681.2,246.22,0.18755623,1.272835793,0.00360411007692,2305.0,7922.0,18050.0
54.0,1582035309,0,25.0,14811.4444444,16681.2,246.22,0.18755623,1.272835793,0.00360411007692,2305.0,7922.0,18050.0
54.0,1582035310,0,25.0,14811.4444444,16681.2,246.22,0.18755623,1.272835793,0.00360411007692,2305.0,7924.0,18050.0
54.0,1582035311,0,25.0,14811.4444444,16681.2,246.22,0.18755623,1.272835793,0.00360411007692,2305.0,7924.0,18059.0
54.0,1582035322,0,25.0,14811.4444444,16681.2,246.22,0.211456981,1.299041482,0.00360411007692,2305.0,7924.0,18059.0
54.0,1582035323,0,25.0,14981.1777778,16872.6,248.89,0.211456981,1.299041482,0.00360411007692,2305.0,7924.0,18059.0
72.0,1582035324,0,25.0,14981.1777778,16872.6,248.89,0.211456981,1.299041482,0.00288161844615,2305.0,7924.0,18059.0
72.0,1582035326,0,25.0,14981.1777778,16872.6,248.89,0.211456981,1.299041482,0.00288161844615,2305.0,7924.0,18059.0
72.0,1582035337,0,25.0,15187.8444444,17105.2,252.42,0.190240899,1.30418469,0.00288161844615,2305.0,7924.0,18059.0
68.0,1582035338,0,25.0,15187.8444444,17105.2,252.42,0.190240899,1.30418469,0.00288161844615,2305.0,7924.0,18059.0
68.0,1582035340,0,25.0,15187.8444444,17105.2,252.42,0.190240899,1.30418469,0.00288161844615,2305.0,7924.0,18059.0
68.0,1582035347,0,25.0,15320.2888889,17254.4,254.49,0.200073618,1.305948039,0.00288161844615,2305.0,7924.0,18059.0
63.5,1582035348,0,25.0,15320.2888889,17254.4,254.49,0.200073618,1.305948039,0.00288161844615,2305.0,7924.0,18059.0
63.5,1582035349,0,25.0,15320.2888889,17254.4,254.49,0.200073618,1.305948039,0.00288161844615,2305.0,7924.0,18059.0
63.5,1582035362,0,25.0,15492.1111111,17448.0,257.24,0.211164952,1.31655018,0.00288161844615,2305.0,7924.0,18059.0
57.5,1582035363,0,25.0,15492.1111111,17448.0,257.24,0.211164952,1.31655018,0.00288161844615,2305.0,7924.0,18059.0
57.5,1582035364,0,25.0,15492.1111111,17448.0,257.24,0.211164952,1.31655018,0.00288161844615,2305.0,7926.0,18076.0
57.5,1582035365,0,25.0,15492.1111111,17448.0,257.24,0.211164952,1.31655018,0.00288161844615,2305.0,7926.0,18076.0
57.5,1582035377,0,25.0,15492.1111111,17448.0,257.24,0.218992717,1.31655018,0.00288161844615,2305.0,7926.0,18076.0
57.5,1582035378,0,25.0,15649.0,17624.6,259.63,0.218992717,1.333432126,0.00288161844615,2305.0,7926.0,18076.0
88.0,1582035379,0,25.0,15649.0,17624.6,259.63,0.218992717,1.333432126,0.00288161844615,2305.0,7926.0,18076.0
88.0,1582035380,0,25.0,15649.0,17624.6,259.63,0.218992717,1.333432126,0.00288161844615,2305.0,7926.0,18076.0
88.0,1582035381,0,25.0,15649.0,17624.6,259.63,0.218992717,1.333432126,0.00288161844615,2305.0,7926.0,18091.0
88.0,1582035390,0,25.0,15649.0,17624.6,262.19,0.207396662,1.347651306,0.00288161844615,2305.0,7926.0,18091.0
68.5,1582035391,0,25.0,15813.2888889,17809.4,262.19,0.207396662,1.347651306,0.00288161844615,2305.0,7926.0,18091.0
68.5,1582035392,0,25.0,15813.2888889,17809.4,262.19,0.207396662,1.347651306,0.00288161844615,2305.0,7926.0,18091.0
68.5,1582035393,0,25.0,15813.2888889,17809.4,262.19,0.207396662,1.347651306,0.00288161844615,2305.0,7926.0,18093.0
68.5,1582035403,0,25.0,15813.2888889,17809.4,262.19,0.199309656,1.347651306,0.00288161844615,2305.0,7926.0,18093.0
68.5,1582035404,0,25.0,15981.5555556,17999.2,264.86,0.199309656,1.367823563,0.00288161844615,2305.0,7926.0,18093.0
52.0,1582035405,0,25.0,15981.5555556,17999.2,264.86,0.199309656,1.367823563,0.00288161844615,2305.0,7926.0,18093.0
52.0,1582035406,0,25.0,15981.5555556,17999.2,264.86,0.199309656,1.367823563,0.00288161844615,2305.0,7926.0,18095.0
52.0,1582035418,0,25.0,15981.5555556,17999.2,264.86,0.094783597,1.381535587,0.00288161844615,2305.0,7926.0,18095.0
52.0,1582035419,0,25.0,16172.5777778,18214.4,267.76,0.094783597,1.381535587,0.00288161844615,2305.0,7926.0,18095.0
58.0,1582035420,0,25.0,16172.5777778,18214.4,267.76,0.094783597,1.381535587,0.00288161844615,2305.0,7926.0,18095.0
58.0,1582035421,0,25.0,16172.5777778,18214.4,267.76,0.094783597,1.381535587,0.00288161844615,2305.0,7926.0,18095.0
58.0,1582035429,0,25.0,16172.5777778,18214.4,267.76,0.144080455,1.383954779,0.00288161844615,2305.0,7926.0,18095.0
58.0,1582035430,0,25.0,16316.5333333,18376.4,270.15,0.144080455,1.383954779,0.00288161844615,2305.0,7926.0,18095.0
118.0,1582035431,0,25.0,16316.5333333,18376.4,270.15,0.144080455,1.383954779,0.00288161844615,2305.0,7926.0,18095.0
118.0,1582035432,0,25.0,16316.5333333,18376.4,270.15,0.144080455,1.383954779,0.00288161844615,2306.0,7933.0,18099.0
118.0,1582035445,0,25.0,16484.9777778,18566.2,273.03,0.212750865,1.422177747,0.00288161844615,2306.0,7933.0,18099.0
54.5,1582035446,0,25.0,16484.9777778,18566.2,273.03,0.212750865,1.422177747,0.00288161844615,2306.0,7933.0,18099.0
54.5,1582035447,0,25.0,16484.9777778,18566.2,273.03,0.212750865,1.422177747,0.00288161844615,2308.0,7936.0,18099.0
54.5,1582035448,0,25.0,16484.9777778,18566.2,273.03,0.212750865,1.422177747,0.00288161844615,2308.0,7936.0,18106.0
54.5,1582035460,0,25.0,16654.5333333,18757.4,275.74,0.21827427,1.434889971,0.00288161844615,2308.0,7936.0,18106.0
55.0,1582035461,0,25.0,16654.5333333,18757.4,275.74,0.21827427,1.434889971,0.00288161844615,2308.0,7936.0,18106.0
55.0,1582035462,0,25.0,16654.5333333,18757.4,275.74,0.21827427,1.434889971,0.00288161844615,2308.0,7937.0,18106.0
55.0,1582035463,0,25.0,16654.5333333,18757.4,275.74,0.21827427,1.434889971,0.00288161844615,2309.0,7937.0,18106.0
55.0,1582035469,0,25.0,16654.5333333,18757.4,278.29,0.196855922,1.435534712,0.00288161844615,2309.0,7937.0,18106.0
55.0,1582035470,0,25.0,16817.5777778,18941.0,278.29,0.196855922,1.435534712,0.00288161844615,2309.0,7937.0,18106.0
54.0,1582035471,0,25.0,16817.5777778,18941.0,278.29,0.196855922,1.435534712,0.00288161844615,2309.0,7937.0,18106.0
54.0,1582035472,0,25.0,16817.5777778,18941.0,278.29,0.196855922,1.435534712,0.00288161844615,2309.0,7937.0,18107.0
54.0,1582035484,0,25.0,16817.5777778,18941.0,278.29,0.19084225,1.449487825,0.00288161844615,2309.0,7937.0,18107.0
54.0,1582035485,0,25.0,16986.0,19130.8,281.14,0.19084225,1.449487825,0.00297536053846,2309.0,7937.0,18107.0
73.5,1582035486,0,25.0,16986.0,19130.8,281.14,0.228933711,1.449487825,0.00297536053846,2309.0,7937.0,18107.0
73.5,1582035487,0,25.0,17062.5111111,19217.0,281.14,0.228933711,1.450503715,0.00297536053846,2310.0,7940.0,18132.0
